Doanh nghiệp Việt dần tiến sâu vào ứng dụng AI,https://vnexpress.net/doanh-nghiep-viet-dan-tien-sau-vao-ung-dung-ai-4724166.html,20/03/2024
Pacific Airlines trả slot không dùng khi ngừng bay,https://vnexpress.net/pacific-airlines-tra-slot-khong-dung-khi-ngung-bay-4725918.html,24/03/2024
Người trồng xoài lãi cao nhờ bán hàng vào siêu thị,https://vnexpress.net/nguoi-trong-xoai-lai-cao-nho-ban-hang-vao-sieu-thi-4725524.html,22/03/2024
Đường tìm động lực tăng trưởng mới của Trung Quốc,https://vnexpress.net/duong-tim-dong-luc-tang-truong-moi-cua-trung-quoc-4725782.html,23/03/2024
Chiêu lừa giả danh cán bộ thuế gia tăng,https://vnexpress.net/chieu-lua-gia-danh-can-bo-thue-gia-tang-4726009.html,24/03/2024
Trump sắp có thêm 3 tỷ USD,https://vnexpress.net/trump-sap-co-them-3-ty-usd-4725748.html,23/03/2024
Pepsi thay đổi bộ nhận diện thương hiệu toàn cầu,https://vnexpress.net/pepsi-thay-doi-bo-nhan-dien-thuong-hieu-toan-cau-4726068.html,24/03/2024
"Xuất khẩu tôm sang Trung Quốc tăng gấp 2,5 lần",https://vnexpress.net/xuat-khau-tom-sang-trung-quoc-tang-gap-2-5-lan-4725961.html,24/03/2024
Kinh tế Đức có thể đang suy thoái,https://vnexpress.net/kinh-te-duc-co-the-dang-suy-thoai-4725349.html,22/03/2024
Sâm Mỹ tìm chỗ đứng ở Việt Nam,https://vnexpress.net/sam-my-tim-cho-dung-o-viet-nam-4724983.html,21/03/2024
Bộ Nông nghiệp muốn bán đấu giá gần 5 triệu tấn carbon,https://vnexpress.net/bo-nong-nghiep-muon-ban-dau-gia-gan-5-trieu-tan-carbon-4725259.html,22/03/2024
Giải startup triệu USD đến Việt Nam,https://vnexpress.net/giai-startup-trieu-usd-den-viet-nam-4724725.html,21/03/2024
​Moody's nâng hạng triển vọng của Techcombank,https://vnexpress.net/moody-s-nang-hang-trien-vong-cua-techcombank-4724965.html,21/03/2024
PNJ đạt lợi nhuận 550 tỷ đồng hai tháng đầu năm,https://vnexpress.net/pnj-dat-loi-nhuan-550-ty-dong-hai-thang-dau-nam-4724896.html,21/03/2024
Chiến lược 'đánh chắc tiến chắc' của thương hiệu gia vị Nam Dương,https://vnexpress.net/chien-luoc-danh-chac-tien-chac-cua-thuong-hieu-gia-vi-nam-duong-4724502.html,21/03/2024
Dịch vụ vận chuyển Netco Post có giá rất tốt khi tính theo khối,https://c.eclick.vn/r?beacon=zizkzizizgzjzrzmzlzlzozkzhzmzrzozlzlzkzgzozizrzqzgzq2pzhzjzjzjzjzgzrzrzrzk2pzhzjzjzjzgzjzqzjzkzjzoziznzdzhzgzhzdzizrzizdzhzhzhzozh2f232l222e1y2f241t22zkzj242229zdzizkzizizgzjzrzmzmzkzd21202a&link=https%3A%2F%2Fc.eclick.vn%2Fr%2F2000309070%2F7258%2Fzizkzizizgzjzrzmzlzlzozkzhzmzrzozhzjzjzjzgzjzqzjzkzjzozozh2f232l222e1y2f241t22zkzj242229zdzizkzizizgzjzrzmzmzkzd21202a%2Fhttps%3A%2F%2Fnetco.com.vn%2F%3F&algo=0&cid=2000038887&cat=&bid=2000309070&gid=2000038887&ts=1711308567&url=https%3A%2F%2Fvnexpress.net%2Fkinh-doanh&urlref=https://vnexpress.net/kinh-doanh&hostname=vnexpress.net&tsv=1711308566&res=1280x720&zone_format=501&loc=24-2-vn&lp=24&lz=2&lc=vn&fosp_aid=2vjxkwfvick70ikl.1711308557.des&fosp_uid=2vjxkwfvick70ikl.1711308557.des&orig_aid=2vjxkwfvick70ikl.1711308557.des&gender=&rand=-66783511&method=1&egg_c=&egg_b=&egg_i=&egg_t=&device=1&os=&v=4&sign=7JIJMQYUn6%2BqN1kmaaetINHIPWcJfS55KcQRLmIZ3FohM%2BR5QXWlGpXmlHvYLd5lLmnYW%2BSNdxY%2BOoTfxTPoaaoEdpYVZ6JwEGa3CEenzCu97eqv9kN%2Ff7ilJ8348cXZYeD5KVnpkcmuHCdmH234ZKCfU9NgwS3d9qGawl2oBPiH87xPwwoOmsZxLpCHqQtCk1R7I3sycHXSUI%2FeVwJK0%2FM8971a9GuS14wXjXcDIK%2B33a2GiQTyRqnD2ITaC4unz2zDoj8clyRZrIKDoQT%2B3YGWYXMfaglprrqzwAJjvzv7a8E%2FXaAf4LCSYLCtTQTmgqtr%2FaMkEsZ5ozSSfBThDKeA%2BFlibZ3EiH5o5ufHdDn2Fd2kZt1x1%2FYGsFJeq7GnU9qzU1ByB%2BlGNaN1nZ%2BTvGYP7ub%2BfW9pdK925lwDeyBwkZP2nKYymty7ORHGqypR7KwF4U2tevL%2FpVw%2ByXwZhC4oHyrDfVTi7P0Iffcgls5UQOtxatWlGEZXrpm3fR0iRvjUDhIiiLX5K9XDs%2BYMk39sDX68C%2BS5qVXgcBfFXH7Jvjg2fLvi732cEug0FzBQ%2BLabdCP1BLwF9DBtCIE5f4RQPkqohEKxC8jvE5BE6HSYxHH4xiZt%2FCVaDsNM8n%2Fvp%2F5gifTfCfsWB%2BNxj8fMyjGooqVYUbuH0LybZWIZOOk%2BYQNA,19/03/2024
Dịch vụ vận chuyển Netco Post có giá rất tốt khi tính theo khối,https://c.eclick.vn/r?beacon=zizkzizizgzjzrzmzlzlzozlzhzlzrzozlzlzkznzozizrzqzgzq2pzhzjzjzjzjzgzrzrzrzk2pzhzjzjzjzgzjzqzjzkzjzfzizrzqzgzq2pzhzjzjzjzjzgzrzrzrzk2pzhzjzjzjzgzjzqzjzlzkzfzizrzlzkzk2pzhzjzjzjzjzgzrzrzrzh2pzhzjzjzjzgzjzqzjzmzkzfzizrzqzgzq2pzhzjzjzjzjzgzrzrzrzk2pzhzjzjzjzgzjzqzjzlzrzoziznzdzhzgzhzdzizrzizdzhzhzhzozh2f232l222e1y2f241t22zkzj242229zdzizkzizizgzjzrzmzmzkzd21202a&link=https%3A%2F%2Fc.eclick.vn%2Fr%2F2000309070%2F6268%2Fzizkzizizgzjzrzmzlzlzozlzhzlzrzozhzjzjzjzgzjzqzjzkzjzozozh2f232l222e1y2f241t22zkzj242229zdzizkzizizgzjzrzmzmzkzd21202a%2Fhttps%3A%2F%2Fnetco.com.vn%2F%3F&algo=0&cid=2000038887&cat=&bid=2000309070&gid=2000038887&ts=1711308567&url=https%3A%2F%2Fvnexpress.net%2Fkinh-doanh&urlref=https://vnexpress.net/kinh-doanh&hostname=vnexpress.net&tsv=1711308566&res=1280x720&zone_format=502&loc=24-2-vn&lp=24&lz=2&lc=vn&fosp_aid=2vjxkwfvick70ikl.1711308557.des&fosp_uid=2vjxkwfvick70ikl.1711308557.des&orig_aid=2vjxkwfvick70ikl.1711308557.des&gender=&rand=-66783510&method=1&egg_c=&egg_b=&egg_i=&egg_t=&device=1&os=&v=4&sign=7JIJMQYUn6%2BqN1kmaaetINHIPWcJfS55KcQRLmEQ21%2BWFIj6VG0PvpiBml6PDodLKZEYpgxkPyMRgGnltSNE55S%2BAyrjoMZsrcYYHfaElvMDeTYiHNc0NoJCYe00zGSPpe8ycQGzSUb42EbqouDp%2BdaCP1du2AYyMU91rhOlZgT2HyEksQuF3vguJyPzDBAoqfX1Cj7IVb0maEK7WI%2By%2F0gJHPWBqjKdHoosbqdlJ9VjB%2BXiPIyEk1vdQp0dBAIbRwQVUbRWoMUKQsard36KfxuLuDjBV9TDbMzZO%2F6CFGY1V5EeOKirI3caVA1ye2cdfFzF2TeL2Nm6e3mZN3WYLc1lpf6%2BnsmvbrviZTt7mIY%2Fh67lfmfJbErXKykSsAbxO3IeMEnABZqlGOaim7I5kTY8FYixDO9GH6vZBTTiP1LEnSXot0S4vIuWOWGz7pDp1m0tC08nCJDgXqYq9Ww32GoUqhdoRNQisfI0r9RQhMNtsvsbEzlZiQ5q1E8XublqwTa2FwsbTwm32qB9PvE3N%2FcMR9q97UujxORyGteHa%2BpBoTLryddvsdyJP4ocn6jgOEIonXnvwHxZtJ3Jqg2NNP0qJzm3MTnD0fXApbLesKoys0ICc3TeHRsWbDOCUQiCl69pAefVVU0b7lUY86fghPSWVjf%2BOg%2Fh%2F5R5LilRH3BhDTZU,19/03/2024
Netco Post tối ưu chi phí vận chuyển theo yêu cầu riêng biệt,https://c.eclick.vn/r?beacon=zizkzizizgzjzrzmzlzlzozlzhzlzrzozlzlzkznzozizrzqzgzq2pzhzjzjzjzjzgzrzrzrzk2pzhzjzjzjzgzjzqzjzkzjzfzizrzqzgzq2pzhzjzjzjzjzgzrzrzrzk2pzhzjzjzjzgzjzqzjzlzkzfzizrzlzkzk2pzhzjzjzjzjzgzrzrzrzh2pzhzjzjzjzgzjzqzjzmzkzfzizrzqzgzq2pzhzjzjzjzjzgzrzrzrzk2pzhzjzjzjzgzjzqzjzlzrzoziznzdzhzgzhzdzizrzizdzhzhzhzozh2f232l222e1y2f241t22zkzj242229zdzizkzizizgzjzrzmzmzkzd21202a&link=https%3A%2F%2Fc.eclick.vn%2Fr%2F2000309067%2F6268%2Fzizkzizizgzjzrzmzlzlzozlzhzlzrzozhzjzjzjzgzjzqzjzlzkzozozh2f232l222e1y2f241t22zkzj242229zdzizkzizizgzjzrzmzmzkzd21202a%2Fhttps%3A%2F%2Fnetco.com.vn%2F%3F&algo=0&cid=2000038887&cat=&bid=2000309067&gid=2000038887&ts=1711308567&url=https%3A%2F%2Fvnexpress.net%2Fkinh-doanh&urlref=https://vnexpress.net/kinh-doanh&hostname=vnexpress.net&tsv=1711308566&res=1280x720&zone_format=502&loc=24-2-vn&lp=24&lz=2&lc=vn&fosp_aid=2vjxkwfvick70ikl.1711308557.des&fosp_uid=2vjxkwfvick70ikl.1711308557.des&orig_aid=2vjxkwfvick70ikl.1711308557.des&gender=&rand=-66783510&method=1&egg_c=&egg_b=&egg_i=&egg_t=&device=1&os=&v=4&sign=7JIJMQYUn6%2BqN1kmaaetINHIPWcJfS55KcQRLmEQ21%2BWFIj6VG0PvpiBml6PDodLKZEYpgxkPyMRgGnltSNE55S%2BAyrjoMZsrcYYHfaElvMDeTYiHNc0NoJCYe00zGSPpe8ycQGzSUb42EbqouDp%2BdaCP1du2AYyMU91rhOlZgT2HyEksQuF3vguJyPzDBAoqfX1Cj7IVb0maEK7WI%2By%2F0gJHPWBqjKdHoosbqdlJ9VjB%2BXiPIyEk1vdQp0dBAIbRwQVUbRWoMUKQsard36KfxuLuDjBV9TDbMzZOvmCFGbgZSN%2FjZy%2FJQPyWvjJavFwqi13uyxzi2RIfe2avwMeGeEp0V6dlvD%2BcNTjb7iQYlyCjgSV406uk7JRudbirqoc15IGT%2BQ2xtx%2BOHU0tB3UXixBiJWepfOhA3NtGs%2BfmmSKHX8bQ6VsMKZ4IOHCb0ojpT%2FqLHghlovCs%2F8qTdPUO1i8MMjisQmHAcP5Wtn9YbupIpOr4vxcYUYalPqqIz5R2NKYOfiEjZdbJ7VoUcRrEpUdZKPKc8RW6qr1a8I7MtrXURw1n%2B1oHK7IQlGotblAyxany4GyvAD6CPHsffxxS4nhRBlm6nnP7l0wkVp%2Br1rXH7Tc9XsapWE0bU6X8SZU3VDGuvUtph8KfuclgMo9ZCy1E4a05arWLu0o9WpgRK7gYnnDsmDG,19/03/2024
"Vinhomes ra mắt dự án 877ha tại Hải Phòng, giá từ 10 tỷ đồng/căn",https://c.eclick.vn/r?beacon=zizkzizizgzjzrzmzlzlzozlzhzlzrzozlzlzkznzozizrzqzgzq2pzhzjzjzjzjzgzrzrzrzk2pzhzjzjzjzgzjzqzjzkzjzfzizrzqzgzq2pzhzjzjzjzjzgzrzrzrzk2pzhzjzjzjzgzjzqzjzlzkzfzizrzlzkzk2pzhzjzjzjzjzgzrzrzrzh2pzhzjzjzjzgzjzqzjzmzkzfzizrzqzgzq2pzhzjzjzjzjzgzrzrzrzk2pzhzjzjzjzgzjzqzjzlzrzoziznzdzhzgzhzdzizrzizdzhzhzhzozh2f232l222e1y2f241t22zkzj242229zdzizkzizizgzjzrzmzmzkzd21202a&link=https%3A%2F%2Fc.eclick.vn%2Fr%2F2000309057%2F6268%2Fzizkzizizgzjzrzmzlzlzozlzhzlzrzozhzjzjzjzgzjzqzjzmzkzozozh2f232l222e1y2f241t22zkzj242229zdzizkzizizgzjzrzmzmzkzd21202a%2Fhttps%3A%2F%2Fvinroyalisland.vn%2F%3Futm_source%3Dvn%26utm_medium%3DVNE%26utm_campaign%3DRoyal%26utm_id%3DVNEvn&algo=0&cid=2000038882&cat=&bid=2000309057&gid=2000038882&ts=1711308567&url=https%3A%2F%2Fvnexpress.net%2Fkinh-doanh&urlref=https://vnexpress.net/kinh-doanh&hostname=vnexpress.net&tsv=1711308566&res=1280x720&zone_format=502&loc=24-2-vn&lp=24&lz=2&lc=vn&fosp_aid=2vjxkwfvick70ikl.1711308557.des&fosp_uid=2vjxkwfvick70ikl.1711308557.des&orig_aid=2vjxkwfvick70ikl.1711308557.des&gender=&rand=-66783510&method=1&egg_c=&egg_b=&egg_i=&egg_t=&device=1&os=&v=4&sign=7JIJMQYUn6%2BqN1kmaaetINHIPWcJfS55KcQRLmEQ21%2BWFIj6VG0PvpiBml6PDodLKZEYpgxkPyMRgGnltSNE55S%2BAyrjoMZsrcYYHfaElvMDeTYiHNc0NoJCYe00zGSPpe8ycQGzSUb42EbqouDp%2BdaCP1du2AYyMU91rhOlZgT2HyEksQuF3vguJyPzDBAoqfX1Cj7IVb0maEK7WI%2By%2F0gJHPWBqjKSGoQsbqdlJ9WP6Not7Xd3DkVhJyKAdNXgBi4LeOmmLyHMzG7opWKidXyL8dBAxxr%2F6PHwhbWD2kj6A6WAjdZLCLTlOl4RhJ7ry65hf1k4%2FQm33fqu1acMaMIRYzXbzjqXdhdBaFGNPtXY%2B8AKk7Q4CjBJPlkFuO8aCDmV4NiInJbXG010ywQkVOMCFGRYS6is2RMEOoMH0GoBho2z%2BQwMJ6%2FhFC8m1bxC%2F3YKKreNRNxPfJrQUana4nBHDiXbjd3BHFdeNRu03zB%2Bgc7oxOx1F6Y93IMpjvMEXaVYHn6DTBQI9i5AOi3n6rYiyFslWd7mAa15ua2VQzmeJaZHvqZWzMxUGCdGsgjsng1AKLqerkDG6YTiUaVI3df82%2Fm1BjGM%2FHRiDO6T1hchswnJW9QNTtetZ6dKxuBbzjiEVLoXKzNvNTIShVh24bL3YO0jIyU3sLtIwzlMShbVj9I10nQknpAoa4ec,21/03/2024
"Chọn đúng đối tác, thuận lợi cả năm cùng vận chuyển Netco Post",https://c.eclick.vn/r?beacon=zizkzizizgzjzrzmzlzlzozlzhzlzrzozlzlzkznzozizrzqzgzq2pzhzjzjzjzjzgzrzrzrzk2pzhzjzjzjzgzjzqzjzkzjzfzizrzqzgzq2pzhzjzjzjzjzgzrzrzrzk2pzhzjzjzjzgzjzqzjzlzkzfzizrzlzkzk2pzhzjzjzjzjzgzrzrzrzh2pzhzjzjzjzgzjzqzjzmzkzfzizrzqzgzq2pzhzjzjzjzjzgzrzrzrzk2pzhzjzjzjzgzjzqzjzlzrzoziznzdzhzgzhzdzizrzizdzhzhzhzozh2f232l222e1y2f241t22zkzj242229zdzizkzizizgzjzrzmzmzkzd21202a&link=https%3A%2F%2Fc.eclick.vn%2Fr%2F2000309068%2F6268%2Fzizkzizizgzjzrzmzlzlzozlzhzlzrzozhzjzjzjzgzjzqzjzlzrzozozh2f232l222e1y2f241t22zkzj242229zdzizkzizizgzjzrzmzmzkzd21202a%2Fhttps%3A%2F%2Fnetco.com.vn%2F%3F&algo=0&cid=2000038887&cat=&bid=2000309068&gid=2000038887&ts=1711308567&url=https%3A%2F%2Fvnexpress.net%2Fkinh-doanh&urlref=https://vnexpress.net/kinh-doanh&hostname=vnexpress.net&tsv=1711308566&res=1280x720&zone_format=502&loc=24-2-vn&lp=24&lz=2&lc=vn&fosp_aid=2vjxkwfvick70ikl.1711308557.des&fosp_uid=2vjxkwfvick70ikl.1711308557.des&orig_aid=2vjxkwfvick70ikl.1711308557.des&gender=&rand=-66783510&method=1&egg_c=&egg_b=&egg_i=&egg_t=&device=1&os=&v=4&sign=7JIJMQYUn6%2BqN1kmaaetINHIPWcJfS55KcQRLmEQ21%2BWFIj6VG0PvpiBml6PDodLKZEYpgxkPyMRgGnltSNE55S%2BAyrjoMZsrcYYHfaElvMDeTYiHNc0NoJCYe00zGSPpe8ycQGzSUb42EbqouDp%2BdaCP1du2AYyMU91rhOlZgT2HyEksQuF3vguJyPzDBAoqfX1Cj7IVb0maEK7WI%2By%2F0gJHPWBqjKdHoosbqdlJ9VjB%2BXiPIyEk1vdQp0dBAIbRwQVUbRWoMUKQsard36KfxuLuDjBV9TDbMzZOvaCFGYd0xJwbOD6DExrzUqNxWeLZvCase9G7qwGcAMGmdr690fgPbUaB3Bxj0rh%2FdCknljF2bVBUe9sevrtDcjrMFXZpQMeRS4CYYIcHaU2HQYIGmLR5TWI1DCfwfpjFfUaX3CqqTv9n5tw420HjkmlxW%2Fc7okgyAvYUeOvMeEQD9uvKO8sE57b3eg1iCqASo29jeoM8fTOCnW1kmuPHmp2H%2FqVLIN4l7gEANAzfFCUpdg835HzQcpwwoh1TmtZPMyRuMmhPl78LEeQlSM%2F%2FngmgWLhfY2rEVuGzCVs4b7%2FNUMRI6OKRAfltG%2FAac1JAbhMdoFAb7c40hnF2ljM5BC9xZqmksV3Wm3PidBLcvn0850uAxvC6x5eC3QNbJmc%2Bhtb1fuUUbfRvg%3D%3D,19/03/2024
Doanh nghiệp Việt dần tiến sâu vào ứng dụng AI,https://vnexpress.net/doanh-nghiep-viet-dan-tien-sau-vao-ung-dung-ai-4724166.html,20/03/2024
Pacific Airlines trả slot không dùng khi ngừng bay,https://vnexpress.net/pacific-airlines-tra-slot-khong-dung-khi-ngung-bay-4725918.html,24/03/2024
Người trồng xoài lãi cao nhờ bán hàng vào siêu thị,https://vnexpress.net/nguoi-trong-xoai-lai-cao-nho-ban-hang-vao-sieu-thi-4725524.html,22/03/2024
Đường tìm động lực tăng trưởng mới của Trung Quốc,https://vnexpress.net/duong-tim-dong-luc-tang-truong-moi-cua-trung-quoc-4725782.html,23/03/2024
Chiêu lừa giả danh cán bộ thuế gia tăng,https://vnexpress.net/chieu-lua-gia-danh-can-bo-thue-gia-tang-4726009.html,24/03/2024
Trump sắp có thêm 3 tỷ USD,https://vnexpress.net/trump-sap-co-them-3-ty-usd-4725748.html,23/03/2024
Pepsi thay đổi bộ nhận diện thương hiệu toàn cầu,https://vnexpress.net/pepsi-thay-doi-bo-nhan-dien-thuong-hieu-toan-cau-4726068.html,24/03/2024
"Xuất khẩu tôm sang Trung Quốc tăng gấp 2,5 lần",https://vnexpress.net/xuat-khau-tom-sang-trung-quoc-tang-gap-2-5-lan-4725961.html,24/03/2024
Kinh tế Đức có thể đang suy thoái,https://vnexpress.net/kinh-te-duc-co-the-dang-suy-thoai-4725349.html,22/03/2024
Sâm Mỹ tìm chỗ đứng ở Việt Nam,https://vnexpress.net/sam-my-tim-cho-dung-o-viet-nam-4724983.html,21/03/2024
Bộ Nông nghiệp muốn bán đấu giá gần 5 triệu tấn carbon,https://vnexpress.net/bo-nong-nghiep-muon-ban-dau-gia-gan-5-trieu-tan-carbon-4725259.html,22/03/2024
Giải startup triệu USD đến Việt Nam,https://vnexpress.net/giai-startup-trieu-usd-den-viet-nam-4724725.html,21/03/2024
​Moody's nâng hạng triển vọng của Techcombank,https://vnexpress.net/moody-s-nang-hang-trien-vong-cua-techcombank-4724965.html,21/03/2024
PNJ đạt lợi nhuận 550 tỷ đồng hai tháng đầu năm,https://vnexpress.net/pnj-dat-loi-nhuan-550-ty-dong-hai-thang-dau-nam-4724896.html,21/03/2024
Chiến lược 'đánh chắc tiến chắc' của thương hiệu gia vị Nam Dương,https://vnexpress.net/chien-luoc-danh-chac-tien-chac-cua-thuong-hieu-gia-vi-nam-duong-4724502.html,21/03/2024
Dịch vụ vận chuyển Netco Post có giá rất tốt khi tính theo khối,https://c.eclick.vn/r?beacon=zizkzizizgzjzrzmzlzlzozkzhzmzrzozlzlzkzgzozizrzqzgzq2pzhzjzjzjzjzgzrzrzrzk2pzhzjzjzjzgzjzqzjzkzjzoziznzdzhzgzhzdzizrzizdzhzhzhzozh2f232l222e1y2f241t22zkzj242229zdzizkzizizgzjzrzmzmzkzd21202a&link=https%3A%2F%2Fc.eclick.vn%2Fr%2F2000309070%2F7258%2Fzizkzizizgzjzrzmzlzlzozkzhzmzrzozhzjzjzjzgzjzqzjzkzjzozozh2f232l222e1y2f241t22zkzj242229zdzizkzizizgzjzrzmzmzkzd21202a%2Fhttps%3A%2F%2Fnetco.com.vn%2F%3F&algo=0&cid=2000038887&cat=&bid=2000309070&gid=2000038887&ts=1711308567&url=https%3A%2F%2Fvnexpress.net%2Fkinh-doanh&urlref=https://vnexpress.net/kinh-doanh&hostname=vnexpress.net&tsv=1711308566&res=1280x720&zone_format=501&loc=24-2-vn&lp=24&lz=2&lc=vn&fosp_aid=2vjxkwfvick70ikl.1711308557.des&fosp_uid=2vjxkwfvick70ikl.1711308557.des&orig_aid=2vjxkwfvick70ikl.1711308557.des&gender=&rand=-66783511&method=1&egg_c=&egg_b=&egg_i=&egg_t=&device=1&os=&v=4&sign=7JIJMQYUn6%2BqN1kmaaetINHIPWcJfS55KcQRLmIZ3FohM%2BR5QXWlGpXmlHvYLd5lLmnYW%2BSNdxY%2BOoTfxTPoaaoEdpYVZ6JwEGa3CEenzCu97eqv9kN%2Ff7ilJ8348cXZYeD5KVnpkcmuHCdmH234ZKCfU9NgwS3d9qGawl2oBPiH87xPwwoOmsZxLpCHqQtCk1R7I3sycHXSUI%2FeVwJK0%2FM8971a9GuS14wXjXcDIK%2B33a2GiQTyRqnD2ITaC4unz2zDoj8clyRZrIKDoQT%2B3YGWYXMfaglprrqzwAJjvzv7a8E%2FXaAf4LCSYLCtTQTmgqtr%2FaMkEsZ5ozSSfBThDKeA%2BFlibZ3EiH5o5ufHdDn2Fd2kZt1x1%2FYGsFJeq7GnU9qzU1ByB%2BlGNaN1nZ%2BTvGYP7ub%2BfW9pdK925lwDeyBwkZP2nKYymty7ORHGqypR7KwF4U2tevL%2FpVw%2ByXwZhC4oHyrDfVTi7P0Iffcgls5UQOtxatWlGEZXrpm3fR0iRvjUDhIiiLX5K9XDs%2BYMk39sDX68C%2BS5qVXgcBfFXH7Jvjg2fLvi732cEug0FzBQ%2BLabdCP1BLwF9DBtCIE5f4RQPkqohEKxC8jvE5BE6HSYxHH4xiZt%2FCVaDsNM8n%2Fvp%2F5gifTfCfsWB%2BNxj8fMyjGooqVYUbuH0LybZWIZOOk%2BYQNA,19/03/2024
Dịch vụ vận chuyển Netco Post có giá rất tốt khi tính theo khối,https://c.eclick.vn/r?beacon=zizkzizizgzjzrzmzlzlzozlzhzlzrzozlzlzkznzozizrzqzgzq2pzhzjzjzjzjzgzrzrzrzk2pzhzjzjzjzgzjzqzjzkzjzfzizrzqzgzq2pzhzjzjzjzjzgzrzrzrzk2pzhzjzjzjzgzjzqzjzlzkzfzizrzlzkzk2pzhzjzjzjzjzgzrzrzrzh2pzhzjzjzjzgzjzqzjzmzkzfzizrzqzgzq2pzhzjzjzjzjzgzrzrzrzk2pzhzjzjzjzgzjzqzjzlzrzoziznzdzhzgzhzdzizrzizdzhzhzhzozh2f232l222e1y2f241t22zkzj242229zdzizkzizizgzjzrzmzmzkzd21202a&link=https%3A%2F%2Fc.eclick.vn%2Fr%2F2000309070%2F6268%2Fzizkzizizgzjzrzmzlzlzozlzhzlzrzozhzjzjzjzgzjzqzjzkzjzozozh2f232l222e1y2f241t22zkzj242229zdzizkzizizgzjzrzmzmzkzd21202a%2Fhttps%3A%2F%2Fnetco.com.vn%2F%3F&algo=0&cid=2000038887&cat=&bid=2000309070&gid=2000038887&ts=1711308567&url=https%3A%2F%2Fvnexpress.net%2Fkinh-doanh&urlref=https://vnexpress.net/kinh-doanh&hostname=vnexpress.net&tsv=1711308566&res=1280x720&zone_format=502&loc=24-2-vn&lp=24&lz=2&lc=vn&fosp_aid=2vjxkwfvick70ikl.1711308557.des&fosp_uid=2vjxkwfvick70ikl.1711308557.des&orig_aid=2vjxkwfvick70ikl.1711308557.des&gender=&rand=-66783510&method=1&egg_c=&egg_b=&egg_i=&egg_t=&device=1&os=&v=4&sign=7JIJMQYUn6%2BqN1kmaaetINHIPWcJfS55KcQRLmEQ21%2BWFIj6VG0PvpiBml6PDodLKZEYpgxkPyMRgGnltSNE55S%2BAyrjoMZsrcYYHfaElvMDeTYiHNc0NoJCYe00zGSPpe8ycQGzSUb42EbqouDp%2BdaCP1du2AYyMU91rhOlZgT2HyEksQuF3vguJyPzDBAoqfX1Cj7IVb0maEK7WI%2By%2F0gJHPWBqjKdHoosbqdlJ9VjB%2BXiPIyEk1vdQp0dBAIbRwQVUbRWoMUKQsard36KfxuLuDjBV9TDbMzZO%2F6CFGY1V5EeOKirI3caVA1ye2cdfFzF2TeL2Nm6e3mZN3WYLc1lpf6%2BnsmvbrviZTt7mIY%2Fh67lfmfJbErXKykSsAbxO3IeMEnABZqlGOaim7I5kTY8FYixDO9GH6vZBTTiP1LEnSXot0S4vIuWOWGz7pDp1m0tC08nCJDgXqYq9Ww32GoUqhdoRNQisfI0r9RQhMNtsvsbEzlZiQ5q1E8XublqwTa2FwsbTwm32qB9PvE3N%2FcMR9q97UujxORyGteHa%2BpBoTLryddvsdyJP4ocn6jgOEIonXnvwHxZtJ3Jqg2NNP0qJzm3MTnD0fXApbLesKoys0ICc3TeHRsWbDOCUQiCl69pAefVVU0b7lUY86fghPSWVjf%2BOg%2Fh%2F5R5LilRH3BhDTZU,19/03/2024
Netco Post tối ưu chi phí vận chuyển theo yêu cầu riêng biệt,https://c.eclick.vn/r?beacon=zizkzizizgzjzrzmzlzlzozlzhzlzrzozlzlzkznzozizrzqzgzq2pzhzjzjzjzjzgzrzrzrzk2pzhzjzjzjzgzjzqzjzkzjzfzizrzqzgzq2pzhzjzjzjzjzgzrzrzrzk2pzhzjzjzjzgzjzqzjzlzkzfzizrzlzkzk2pzhzjzjzjzjzgzrzrzrzh2pzhzjzjzjzgzjzqzjzmzkzfzizrzqzgzq2pzhzjzjzjzjzgzrzrzrzk2pzhzjzjzjzgzjzqzjzlzrzoziznzdzhzgzhzdzizrzizdzhzhzhzozh2f232l222e1y2f241t22zkzj242229zdzizkzizizgzjzrzmzmzkzd21202a&link=https%3A%2F%2Fc.eclick.vn%2Fr%2F2000309067%2F6268%2Fzizkzizizgzjzrzmzlzlzozlzhzlzrzozhzjzjzjzgzjzqzjzlzkzozozh2f232l222e1y2f241t22zkzj242229zdzizkzizizgzjzrzmzmzkzd21202a%2Fhttps%3A%2F%2Fnetco.com.vn%2F%3F&algo=0&cid=2000038887&cat=&bid=2000309067&gid=2000038887&ts=1711308567&url=https%3A%2F%2Fvnexpress.net%2Fkinh-doanh&urlref=https://vnexpress.net/kinh-doanh&hostname=vnexpress.net&tsv=1711308566&res=1280x720&zone_format=502&loc=24-2-vn&lp=24&lz=2&lc=vn&fosp_aid=2vjxkwfvick70ikl.1711308557.des&fosp_uid=2vjxkwfvick70ikl.1711308557.des&orig_aid=2vjxkwfvick70ikl.1711308557.des&gender=&rand=-66783510&method=1&egg_c=&egg_b=&egg_i=&egg_t=&device=1&os=&v=4&sign=7JIJMQYUn6%2BqN1kmaaetINHIPWcJfS55KcQRLmEQ21%2BWFIj6VG0PvpiBml6PDodLKZEYpgxkPyMRgGnltSNE55S%2BAyrjoMZsrcYYHfaElvMDeTYiHNc0NoJCYe00zGSPpe8ycQGzSUb42EbqouDp%2BdaCP1du2AYyMU91rhOlZgT2HyEksQuF3vguJyPzDBAoqfX1Cj7IVb0maEK7WI%2By%2F0gJHPWBqjKdHoosbqdlJ9VjB%2BXiPIyEk1vdQp0dBAIbRwQVUbRWoMUKQsard36KfxuLuDjBV9TDbMzZOvmCFGbgZSN%2FjZy%2FJQPyWvjJavFwqi13uyxzi2RIfe2avwMeGeEp0V6dlvD%2BcNTjb7iQYlyCjgSV406uk7JRudbirqoc15IGT%2BQ2xtx%2BOHU0tB3UXixBiJWepfOhA3NtGs%2BfmmSKHX8bQ6VsMKZ4IOHCb0ojpT%2FqLHghlovCs%2F8qTdPUO1i8MMjisQmHAcP5Wtn9YbupIpOr4vxcYUYalPqqIz5R2NKYOfiEjZdbJ7VoUcRrEpUdZKPKc8RW6qr1a8I7MtrXURw1n%2B1oHK7IQlGotblAyxany4GyvAD6CPHsffxxS4nhRBlm6nnP7l0wkVp%2Br1rXH7Tc9XsapWE0bU6X8SZU3VDGuvUtph8KfuclgMo9ZCy1E4a05arWLu0o9WpgRK7gYnnDsmDG,19/03/2024
"Vinhomes ra mắt dự án 877ha tại Hải Phòng, giá từ 10 tỷ đồng/căn",https://c.eclick.vn/r?beacon=zizkzizizgzjzrzmzlzlzozlzhzlzrzozlzlzkznzozizrzqzgzq2pzhzjzjzjzjzgzrzrzrzk2pzhzjzjzjzgzjzqzjzkzjzfzizrzqzgzq2pzhzjzjzjzjzgzrzrzrzk2pzhzjzjzjzgzjzqzjzlzkzfzizrzlzkzk2pzhzjzjzjzjzgzrzrzrzh2pzhzjzjzjzgzjzqzjzmzkzfzizrzqzgzq2pzhzjzjzjzjzgzrzrzrzk2pzhzjzjzjzgzjzqzjzlzrzoziznzdzhzgzhzdzizrzizdzhzhzhzozh2f232l222e1y2f241t22zkzj242229zdzizkzizizgzjzrzmzmzkzd21202a&link=https%3A%2F%2Fc.eclick.vn%2Fr%2F2000309057%2F6268%2Fzizkzizizgzjzrzmzlzlzozlzhzlzrzozhzjzjzjzgzjzqzjzmzkzozozh2f232l222e1y2f241t22zkzj242229zdzizkzizizgzjzrzmzmzkzd21202a%2Fhttps%3A%2F%2Fvinroyalisland.vn%2F%3Futm_source%3Dvn%26utm_medium%3DVNE%26utm_campaign%3DRoyal%26utm_id%3DVNEvn&algo=0&cid=2000038882&cat=&bid=2000309057&gid=2000038882&ts=1711308567&url=https%3A%2F%2Fvnexpress.net%2Fkinh-doanh&urlref=https://vnexpress.net/kinh-doanh&hostname=vnexpress.net&tsv=1711308566&res=1280x720&zone_format=502&loc=24-2-vn&lp=24&lz=2&lc=vn&fosp_aid=2vjxkwfvick70ikl.1711308557.des&fosp_uid=2vjxkwfvick70ikl.1711308557.des&orig_aid=2vjxkwfvick70ikl.1711308557.des&gender=&rand=-66783510&method=1&egg_c=&egg_b=&egg_i=&egg_t=&device=1&os=&v=4&sign=7JIJMQYUn6%2BqN1kmaaetINHIPWcJfS55KcQRLmEQ21%2BWFIj6VG0PvpiBml6PDodLKZEYpgxkPyMRgGnltSNE55S%2BAyrjoMZsrcYYHfaElvMDeTYiHNc0NoJCYe00zGSPpe8ycQGzSUb42EbqouDp%2BdaCP1du2AYyMU91rhOlZgT2HyEksQuF3vguJyPzDBAoqfX1Cj7IVb0maEK7WI%2By%2F0gJHPWBqjKSGoQsbqdlJ9WP6Not7Xd3DkVhJyKAdNXgBi4LeOmmLyHMzG7opWKidXyL8dBAxxr%2F6PHwhbWD2kj6A6WAjdZLCLTlOl4RhJ7ry65hf1k4%2FQm33fqu1acMaMIRYzXbzjqXdhdBaFGNPtXY%2B8AKk7Q4CjBJPlkFuO8aCDmV4NiInJbXG010ywQkVOMCFGRYS6is2RMEOoMH0GoBho2z%2BQwMJ6%2FhFC8m1bxC%2F3YKKreNRNxPfJrQUana4nBHDiXbjd3BHFdeNRu03zB%2Bgc7oxOx1F6Y93IMpjvMEXaVYHn6DTBQI9i5AOi3n6rYiyFslWd7mAa15ua2VQzmeJaZHvqZWzMxUGCdGsgjsng1AKLqerkDG6YTiUaVI3df82%2Fm1BjGM%2FHRiDO6T1hchswnJW9QNTtetZ6dKxuBbzjiEVLoXKzNvNTIShVh24bL3YO0jIyU3sLtIwzlMShbVj9I10nQknpAoa4ec,21/03/2024
"Chọn đúng đối tác, thuận lợi cả năm cùng vận chuyển Netco Post",https://c.eclick.vn/r?beacon=zizkzizizgzjzrzmzlzlzozlzhzlzrzozlzlzkznzozizrzqzgzq2pzhzjzjzjzjzgzrzrzrzk2pzhzjzjzjzgzjzqzjzkzjzfzizrzqzgzq2pzhzjzjzjzjzgzrzrzrzk2pzhzjzjzjzgzjzqzjzlzkzfzizrzlzkzk2pzhzjzjzjzjzgzrzrzrzh2pzhzjzjzjzgzjzqzjzmzkzfzizrzqzgzq2pzhzjzjzjzjzgzrzrzrzk2pzhzjzjzjzgzjzqzjzlzrzoziznzdzhzgzhzdzizrzizdzhzhzhzozh2f232l222e1y2f241t22zkzj242229zdzizkzizizgzjzrzmzmzkzd21202a&link=https%3A%2F%2Fc.eclick.vn%2Fr%2F2000309068%2F6268%2Fzizkzizizgzjzrzmzlzlzozlzhzlzrzozhzjzjzjzgzjzqzjzlzrzozozh2f232l222e1y2f241t22zkzj242229zdzizkzizizgzjzrzmzmzkzd21202a%2Fhttps%3A%2F%2Fnetco.com.vn%2F%3F&algo=0&cid=2000038887&cat=&bid=2000309068&gid=2000038887&ts=1711308567&url=https%3A%2F%2Fvnexpress.net%2Fkinh-doanh&urlref=https://vnexpress.net/kinh-doanh&hostname=vnexpress.net&tsv=1711308566&res=1280x720&zone_format=502&loc=24-2-vn&lp=24&lz=2&lc=vn&fosp_aid=2vjxkwfvick70ikl.1711308557.des&fosp_uid=2vjxkwfvick70ikl.1711308557.des&orig_aid=2vjxkwfvick70ikl.1711308557.des&gender=&rand=-66783510&method=1&egg_c=&egg_b=&egg_i=&egg_t=&device=1&os=&v=4&sign=7JIJMQYUn6%2BqN1kmaaetINHIPWcJfS55KcQRLmEQ21%2BWFIj6VG0PvpiBml6PDodLKZEYpgxkPyMRgGnltSNE55S%2BAyrjoMZsrcYYHfaElvMDeTYiHNc0NoJCYe00zGSPpe8ycQGzSUb42EbqouDp%2BdaCP1du2AYyMU91rhOlZgT2HyEksQuF3vguJyPzDBAoqfX1Cj7IVb0maEK7WI%2By%2F0gJHPWBqjKdHoosbqdlJ9VjB%2BXiPIyEk1vdQp0dBAIbRwQVUbRWoMUKQsard36KfxuLuDjBV9TDbMzZOvaCFGYd0xJwbOD6DExrzUqNxWeLZvCase9G7qwGcAMGmdr690fgPbUaB3Bxj0rh%2FdCknljF2bVBUe9sevrtDcjrMFXZpQMeRS4CYYIcHaU2HQYIGmLR5TWI1DCfwfpjFfUaX3CqqTv9n5tw420HjkmlxW%2Fc7okgyAvYUeOvMeEQD9uvKO8sE57b3eg1iCqASo29jeoM8fTOCnW1kmuPHmp2H%2FqVLIN4l7gEANAzfFCUpdg835HzQcpwwoh1TmtZPMyRuMmhPl78LEeQlSM%2F%2FngmgWLhfY2rEVuGzCVs4b7%2FNUMRI6OKRAfltG%2FAac1JAbhMdoFAb7c40hnF2ljM5BC9xZqmksV3Wm3PidBLcvn0850uAxvC6x5eC3QNbJmc%2Bhtb1fuUUbfRvg%3D%3D,19/03/2024
