"Vietnam Has Great Potential for Green Transformation, Says Experts",https://vietnamtimes.org.vn/vietnam-has-great-potential-for-green-transformation-says-experts-70570.html,"March 21, 2024 | 08:43"
Volvo Cars taps TDCX to enhance customer experience for Europe,https://vietnamtimes.org.vn/volvo-cars-taps-tdcx-to-enhance-customer-experience-for-europe-70573-70573.html,"March 21, 2024 | 08:30"
VinFast signs partnership with first distributor in Micronesia,https://vietnamtimes.org.vn/vinfast-signs-partnership-with-first-distributor-in-micronesia-70564.html,"March 20, 2024 | 18:45"
India-EFTA Trade and Economic Partnership Agreement to unlock trade potential,https://vietnamtimes.org.vn/india-efta-trade-and-economic-partnership-agreement-to-unlock-trade-potential-70533.html,"March 20, 2024 | 08:00"
Vietnamese Are The Largest Group Of Foreign Workers In Japan,https://vietnamtimes.org.vn/vietnamese-are-the-largest-group-of-foreign-workers-in-japan-70512.html,"March 19, 2024 | 10:42"
Finnish Businesses Seek to Expand Investment in Vietnam's Energy Sector,https://vietnamtimes.org.vn/finnish-businesses-seek-to-expand-investment-in-vietnams-energy-sector-70481.html,"March 19, 2024 | 10:41"
VinFast Founder launches Global EV Charging Stations Company V-Green,https://vietnamtimes.org.vn/vinfast-founder-launches-global-ev-charging-stations-company-v-green-70508.html,"March 18, 2024 | 20:15"
"Bright Prospect for Vietnam, Australia to Further Elevate Organic Food Industry",https://vietnamtimes.org.vn/bright-prospect-for-vietnam-australia-to-further-elevate-organic-food-industry-70478.html,"March 18, 2024 | 09:44"
The decay within China’s economy and the prospect for India’s emerging economic story,https://vietnamtimes.org.vn/the-decay-within-chinas-economy-and-the-prospect-for-indias-emerging-economic-story-70489.html,"March 18, 2024 | 09:43"
"India questions 'Veto' blocking terrorist listings at UNSC, citing doublespeak concerns",https://vietnamtimes.org.vn/india-questions-veto-blocking-terrorist-listings-at-unsc-citing-doublespeak-concerns-70469.html,"March 16, 2024 | 18:40"
VinFast announces partnership with first distributor in Africa,https://vietnamtimes.org.vn/vinfast-announces-partnership-with-first-distributor-in-africa-70458.html,"March 15, 2024 | 18:30"
Finnish Corporation to Plan the First Flexible Power Project in Vietnam,https://vietnamtimes.org.vn/finnish-corporation-to-plan-the-first-flexible-power-project-in-vietnam-70385.html,"March 15, 2024 | 12:00"
Vietnam Aims to Strengthen Connections with Nordic Businesses,https://vietnamtimes.org.vn/vietnam-aims-to-strengthen-connections-with-nordic-businesses-70387.html,"March 15, 2024 | 11:56"
Why have thousands of Chinese workers left Africa over the past decade?,https://vietnamtimes.org.vn/why-have-thousands-of-chinese-workers-left-africa-over-the-past-decade-70418.html,"March 15, 2024 | 08:00"
Vingroup wins prestigious AIBP 2023 Asean Tech for ESG Award,https://vietnamtimes.org.vn/vingroup-wins-prestigious-aibp-2023-asean-tech-for-esg-award-70415.html,"March 14, 2024 | 20:00"
Colgate unveils its first-ever Purple Toothpaste: Colgate Optic White Purple,https://vietnamtimes.org.vn/colgate-unveils-its-first-ever-purple-toothpaste-colgate-optic-white-purple-70451-70451.html,"March 14, 2024 | 18:42"
Top Leader of Hyosung Group Appointed Chairman of the RoK-Vietnam Economic Committee,https://vietnamtimes.org.vn/top-leader-of-hyosung-group-appointed-chairman-of-the-rok-vietnam-economic-committee-70352.html,"March 14, 2024 | 16:45"
"Branding Vietnam As ""Sustainable Seafood Destination"" for American Consumers",https://vietnamtimes.org.vn/branding-vietnam-as-sustainable-seafood-destination-for-american-consumers-70342.html,"March 14, 2024 | 16:43"
Binh Phuoc Province Seeks Investments from EU Businesses,https://vietnamtimes.org.vn/binh-phuoc-province-seeks-investments-from-eu-businesses-70390.html,"March 14, 2024 | 15:55"
"""Big Win For Persecuted Minorities"": US-Based Advocacy Group Welcomes Centre's CAA Move",https://vietnamtimes.org.vn/big-win-for-persecuted-minorities-us-based-advocacy-group-welcomes-centres-caa-move-70381.html,"March 14, 2024 | 09:00"
"Vietnam Has Great Potential for Green Transformation, Says Experts",https://vietnamtimes.org.vn/vietnam-has-great-potential-for-green-transformation-says-experts-70570.html,"March 21, 2024 | 08:43"
Volvo Cars taps TDCX to enhance customer experience for Europe,https://vietnamtimes.org.vn/volvo-cars-taps-tdcx-to-enhance-customer-experience-for-europe-70573-70573.html,"March 21, 2024 | 08:30"
VinFast signs partnership with first distributor in Micronesia,https://vietnamtimes.org.vn/vinfast-signs-partnership-with-first-distributor-in-micronesia-70564.html,"March 20, 2024 | 18:45"
India-EFTA Trade and Economic Partnership Agreement to unlock trade potential,https://vietnamtimes.org.vn/india-efta-trade-and-economic-partnership-agreement-to-unlock-trade-potential-70533.html,"March 20, 2024 | 08:00"
Vietnamese Are The Largest Group Of Foreign Workers In Japan,https://vietnamtimes.org.vn/vietnamese-are-the-largest-group-of-foreign-workers-in-japan-70512.html,"March 19, 2024 | 10:42"
Finnish Businesses Seek to Expand Investment in Vietnam's Energy Sector,https://vietnamtimes.org.vn/finnish-businesses-seek-to-expand-investment-in-vietnams-energy-sector-70481.html,"March 19, 2024 | 10:41"
VinFast Founder launches Global EV Charging Stations Company V-Green,https://vietnamtimes.org.vn/vinfast-founder-launches-global-ev-charging-stations-company-v-green-70508.html,"March 18, 2024 | 20:15"
"Bright Prospect for Vietnam, Australia to Further Elevate Organic Food Industry",https://vietnamtimes.org.vn/bright-prospect-for-vietnam-australia-to-further-elevate-organic-food-industry-70478.html,"March 18, 2024 | 09:44"
The decay within China’s economy and the prospect for India’s emerging economic story,https://vietnamtimes.org.vn/the-decay-within-chinas-economy-and-the-prospect-for-indias-emerging-economic-story-70489.html,"March 18, 2024 | 09:43"
"India questions 'Veto' blocking terrorist listings at UNSC, citing doublespeak concerns",https://vietnamtimes.org.vn/india-questions-veto-blocking-terrorist-listings-at-unsc-citing-doublespeak-concerns-70469.html,"March 16, 2024 | 18:40"
VinFast announces partnership with first distributor in Africa,https://vietnamtimes.org.vn/vinfast-announces-partnership-with-first-distributor-in-africa-70458.html,"March 15, 2024 | 18:30"
Finnish Corporation to Plan the First Flexible Power Project in Vietnam,https://vietnamtimes.org.vn/finnish-corporation-to-plan-the-first-flexible-power-project-in-vietnam-70385.html,"March 15, 2024 | 12:00"
Vietnam Aims to Strengthen Connections with Nordic Businesses,https://vietnamtimes.org.vn/vietnam-aims-to-strengthen-connections-with-nordic-businesses-70387.html,"March 15, 2024 | 11:56"
Why have thousands of Chinese workers left Africa over the past decade?,https://vietnamtimes.org.vn/why-have-thousands-of-chinese-workers-left-africa-over-the-past-decade-70418.html,"March 15, 2024 | 08:00"
Vingroup wins prestigious AIBP 2023 Asean Tech for ESG Award,https://vietnamtimes.org.vn/vingroup-wins-prestigious-aibp-2023-asean-tech-for-esg-award-70415.html,"March 14, 2024 | 20:00"
Colgate unveils its first-ever Purple Toothpaste: Colgate Optic White Purple,https://vietnamtimes.org.vn/colgate-unveils-its-first-ever-purple-toothpaste-colgate-optic-white-purple-70451-70451.html,"March 14, 2024 | 18:42"
Top Leader of Hyosung Group Appointed Chairman of the RoK-Vietnam Economic Committee,https://vietnamtimes.org.vn/top-leader-of-hyosung-group-appointed-chairman-of-the-rok-vietnam-economic-committee-70352.html,"March 14, 2024 | 16:45"
"Branding Vietnam As ""Sustainable Seafood Destination"" for American Consumers",https://vietnamtimes.org.vn/branding-vietnam-as-sustainable-seafood-destination-for-american-consumers-70342.html,"March 14, 2024 | 16:43"
Binh Phuoc Province Seeks Investments from EU Businesses,https://vietnamtimes.org.vn/binh-phuoc-province-seeks-investments-from-eu-businesses-70390.html,"March 14, 2024 | 15:55"
"""Big Win For Persecuted Minorities"": US-Based Advocacy Group Welcomes Centre's CAA Move",https://vietnamtimes.org.vn/big-win-for-persecuted-minorities-us-based-advocacy-group-welcomes-centres-caa-move-70381.html,"March 14, 2024 | 09:00"
"Vietnam Has Great Potential for Green Transformation, Says Experts",https://vietnamtimes.org.vn/vietnam-has-great-potential-for-green-transformation-says-experts-70570.html,"March 21, 2024 | 08:43"
Volvo Cars taps TDCX to enhance customer experience for Europe,https://vietnamtimes.org.vn/volvo-cars-taps-tdcx-to-enhance-customer-experience-for-europe-70573-70573.html,"March 21, 2024 | 08:30"
VinFast signs partnership with first distributor in Micronesia,https://vietnamtimes.org.vn/vinfast-signs-partnership-with-first-distributor-in-micronesia-70564.html,"March 20, 2024 | 18:45"
India-EFTA Trade and Economic Partnership Agreement to unlock trade potential,https://vietnamtimes.org.vn/india-efta-trade-and-economic-partnership-agreement-to-unlock-trade-potential-70533.html,"March 20, 2024 | 08:00"
Vietnamese Are The Largest Group Of Foreign Workers In Japan,https://vietnamtimes.org.vn/vietnamese-are-the-largest-group-of-foreign-workers-in-japan-70512.html,"March 19, 2024 | 10:42"
Finnish Businesses Seek to Expand Investment in Vietnam's Energy Sector,https://vietnamtimes.org.vn/finnish-businesses-seek-to-expand-investment-in-vietnams-energy-sector-70481.html,"March 19, 2024 | 10:41"
VinFast Founder launches Global EV Charging Stations Company V-Green,https://vietnamtimes.org.vn/vinfast-founder-launches-global-ev-charging-stations-company-v-green-70508.html,"March 18, 2024 | 20:15"
"Bright Prospect for Vietnam, Australia to Further Elevate Organic Food Industry",https://vietnamtimes.org.vn/bright-prospect-for-vietnam-australia-to-further-elevate-organic-food-industry-70478.html,"March 18, 2024 | 09:44"
The decay within China’s economy and the prospect for India’s emerging economic story,https://vietnamtimes.org.vn/the-decay-within-chinas-economy-and-the-prospect-for-indias-emerging-economic-story-70489.html,"March 18, 2024 | 09:43"
"India questions 'Veto' blocking terrorist listings at UNSC, citing doublespeak concerns",https://vietnamtimes.org.vn/india-questions-veto-blocking-terrorist-listings-at-unsc-citing-doublespeak-concerns-70469.html,"March 16, 2024 | 18:40"
VinFast announces partnership with first distributor in Africa,https://vietnamtimes.org.vn/vinfast-announces-partnership-with-first-distributor-in-africa-70458.html,"March 15, 2024 | 18:30"
Finnish Corporation to Plan the First Flexible Power Project in Vietnam,https://vietnamtimes.org.vn/finnish-corporation-to-plan-the-first-flexible-power-project-in-vietnam-70385.html,"March 15, 2024 | 12:00"
Vietnam Aims to Strengthen Connections with Nordic Businesses,https://vietnamtimes.org.vn/vietnam-aims-to-strengthen-connections-with-nordic-businesses-70387.html,"March 15, 2024 | 11:56"
Why have thousands of Chinese workers left Africa over the past decade?,https://vietnamtimes.org.vn/why-have-thousands-of-chinese-workers-left-africa-over-the-past-decade-70418.html,"March 15, 2024 | 08:00"
Vingroup wins prestigious AIBP 2023 Asean Tech for ESG Award,https://vietnamtimes.org.vn/vingroup-wins-prestigious-aibp-2023-asean-tech-for-esg-award-70415.html,"March 14, 2024 | 20:00"
Colgate unveils its first-ever Purple Toothpaste: Colgate Optic White Purple,https://vietnamtimes.org.vn/colgate-unveils-its-first-ever-purple-toothpaste-colgate-optic-white-purple-70451-70451.html,"March 14, 2024 | 18:42"
Top Leader of Hyosung Group Appointed Chairman of the RoK-Vietnam Economic Committee,https://vietnamtimes.org.vn/top-leader-of-hyosung-group-appointed-chairman-of-the-rok-vietnam-economic-committee-70352.html,"March 14, 2024 | 16:45"
"Branding Vietnam As ""Sustainable Seafood Destination"" for American Consumers",https://vietnamtimes.org.vn/branding-vietnam-as-sustainable-seafood-destination-for-american-consumers-70342.html,"March 14, 2024 | 16:43"
Binh Phuoc Province Seeks Investments from EU Businesses,https://vietnamtimes.org.vn/binh-phuoc-province-seeks-investments-from-eu-businesses-70390.html,"March 14, 2024 | 15:55"
"""Big Win For Persecuted Minorities"": US-Based Advocacy Group Welcomes Centre's CAA Move",https://vietnamtimes.org.vn/big-win-for-persecuted-minorities-us-based-advocacy-group-welcomes-centres-caa-move-70381.html,"March 14, 2024 | 09:00"
"Vietnam Has Great Potential for Green Transformation, Says Experts",https://vietnamtimes.org.vn/vietnam-has-great-potential-for-green-transformation-says-experts-70570.html,"March 21, 2024 | 08:43"
Volvo Cars taps TDCX to enhance customer experience for Europe,https://vietnamtimes.org.vn/volvo-cars-taps-tdcx-to-enhance-customer-experience-for-europe-70573-70573.html,"March 21, 2024 | 08:30"
VinFast signs partnership with first distributor in Micronesia,https://vietnamtimes.org.vn/vinfast-signs-partnership-with-first-distributor-in-micronesia-70564.html,"March 20, 2024 | 18:45"
India-EFTA Trade and Economic Partnership Agreement to unlock trade potential,https://vietnamtimes.org.vn/india-efta-trade-and-economic-partnership-agreement-to-unlock-trade-potential-70533.html,"March 20, 2024 | 08:00"
Vietnamese Are The Largest Group Of Foreign Workers In Japan,https://vietnamtimes.org.vn/vietnamese-are-the-largest-group-of-foreign-workers-in-japan-70512.html,"March 19, 2024 | 10:42"
Finnish Businesses Seek to Expand Investment in Vietnam's Energy Sector,https://vietnamtimes.org.vn/finnish-businesses-seek-to-expand-investment-in-vietnams-energy-sector-70481.html,"March 19, 2024 | 10:41"
VinFast Founder launches Global EV Charging Stations Company V-Green,https://vietnamtimes.org.vn/vinfast-founder-launches-global-ev-charging-stations-company-v-green-70508.html,"March 18, 2024 | 20:15"
"Bright Prospect for Vietnam, Australia to Further Elevate Organic Food Industry",https://vietnamtimes.org.vn/bright-prospect-for-vietnam-australia-to-further-elevate-organic-food-industry-70478.html,"March 18, 2024 | 09:44"
The decay within China’s economy and the prospect for India’s emerging economic story,https://vietnamtimes.org.vn/the-decay-within-chinas-economy-and-the-prospect-for-indias-emerging-economic-story-70489.html,"March 18, 2024 | 09:43"
"India questions 'Veto' blocking terrorist listings at UNSC, citing doublespeak concerns",https://vietnamtimes.org.vn/india-questions-veto-blocking-terrorist-listings-at-unsc-citing-doublespeak-concerns-70469.html,"March 16, 2024 | 18:40"
VinFast announces partnership with first distributor in Africa,https://vietnamtimes.org.vn/vinfast-announces-partnership-with-first-distributor-in-africa-70458.html,"March 15, 2024 | 18:30"
Finnish Corporation to Plan the First Flexible Power Project in Vietnam,https://vietnamtimes.org.vn/finnish-corporation-to-plan-the-first-flexible-power-project-in-vietnam-70385.html,"March 15, 2024 | 12:00"
Vietnam Aims to Strengthen Connections with Nordic Businesses,https://vietnamtimes.org.vn/vietnam-aims-to-strengthen-connections-with-nordic-businesses-70387.html,"March 15, 2024 | 11:56"
Why have thousands of Chinese workers left Africa over the past decade?,https://vietnamtimes.org.vn/why-have-thousands-of-chinese-workers-left-africa-over-the-past-decade-70418.html,"March 15, 2024 | 08:00"
Vingroup wins prestigious AIBP 2023 Asean Tech for ESG Award,https://vietnamtimes.org.vn/vingroup-wins-prestigious-aibp-2023-asean-tech-for-esg-award-70415.html,"March 14, 2024 | 20:00"
Colgate unveils its first-ever Purple Toothpaste: Colgate Optic White Purple,https://vietnamtimes.org.vn/colgate-unveils-its-first-ever-purple-toothpaste-colgate-optic-white-purple-70451-70451.html,"March 14, 2024 | 18:42"
Top Leader of Hyosung Group Appointed Chairman of the RoK-Vietnam Economic Committee,https://vietnamtimes.org.vn/top-leader-of-hyosung-group-appointed-chairman-of-the-rok-vietnam-economic-committee-70352.html,"March 14, 2024 | 16:45"
"Branding Vietnam As ""Sustainable Seafood Destination"" for American Consumers",https://vietnamtimes.org.vn/branding-vietnam-as-sustainable-seafood-destination-for-american-consumers-70342.html,"March 14, 2024 | 16:43"
Binh Phuoc Province Seeks Investments from EU Businesses,https://vietnamtimes.org.vn/binh-phuoc-province-seeks-investments-from-eu-businesses-70390.html,"March 14, 2024 | 15:55"
"""Big Win For Persecuted Minorities"": US-Based Advocacy Group Welcomes Centre's CAA Move",https://vietnamtimes.org.vn/big-win-for-persecuted-minorities-us-based-advocacy-group-welcomes-centres-caa-move-70381.html,"March 14, 2024 | 09:00"
"Branding Vietnam As ""Sustainable Seafood Destination"" for American Consumers",https://vietnamtimes.org.vn/branding-vietnam-as-sustainable-seafood-destination-for-american-consumers-70342.html,"March 14, 2024 | 16:43"
Binh Phuoc Province Seeks Investments from EU Businesses,https://vietnamtimes.org.vn/binh-phuoc-province-seeks-investments-from-eu-businesses-70390.html,"March 14, 2024 | 15:55"
"""Big Win For Persecuted Minorities"": US-Based Advocacy Group Welcomes Centre's CAA Move",https://vietnamtimes.org.vn/big-win-for-persecuted-minorities-us-based-advocacy-group-welcomes-centres-caa-move-70381.html,"March 14, 2024 | 09:00"
India’s ambitious semiconductor manufacturing plan,https://vietnamtimes.org.vn/indias-ambitious-semiconductor-manufacturing-plan-70380.html,"March 13, 2024 | 15:00"
An Epic Coca-Cola™ Culinary Collab: F. HERO & Chef Pom Serve 'Epic Night Out' in Foodmarks MV,https://vietnamtimes.org.vn/an-epic-coca-cola-culinary-collab-f-hero-amp-chef-pom-serve-epic-night-out-in-foodmarks-mv-70379-70379.html,"March 13, 2024 | 09:30"
EXODUS: Pakistanis Fleeing Amid Economic Turmoil and Political Uncertainty,https://vietnamtimes.org.vn/exodus-pakistanis-fleeing-amid-economic-turmoil-and-political-uncertainty-70314.html,"March 12, 2024 | 14:17"
Jollibee Ranks as Second Fastest-Growing Restaurant Brand in the World,https://vietnamtimes.org.vn/jollibee-ranks-as-second-fastest-growing-restaurant-brand-in-the-world-70309.html,"March 12, 2024 | 12:10"
Vietnamese Businesses Join Green Food Expo in Hong Kong (China),https://vietnamtimes.org.vn/vietnamese-businesses-join-green-food-expo-in-hong-kong-china-70294.html,"March 12, 2024 | 00:08"
A Trillion Dollar BOOM! India OKs $1.2B For Artificial Intelligence Ecosystem That Could Swell Its GDP,https://vietnamtimes.org.vn/a-trillion-dollar-boom-india-oks-12b-for-artificial-intelligence-ecosystem-that-could-swell-its-gdp-70283.html,"March 11, 2024 | 11:36"
International Textile Manufacturer Expands into Vietnam,https://vietnamtimes.org.vn/international-textile-manufacturer-expands-into-vietnam-70230.html,"March 11, 2024 | 10:54"
Vietnam’s Economy Sees Positive Signs at the Beginning of 2024,https://vietnamtimes.org.vn/vietnams-economy-sees-positive-signs-at-the-beginning-of-2024-70229.html,"March 10, 2024 | 11:37"
Binh Dinh to Create Favorable Conditions For UAE Investors,https://vietnamtimes.org.vn/binh-dinh-to-create-favorable-conditions-for-uae-investors-70249.html,"March 10, 2024 | 10:56"
Vinh Long Introduces 12 Investment Projects To Indian Businesses,https://vietnamtimes.org.vn/vinh-long-introduces-12-investment-projects-to-indian-businesses-70258.html,"March 10, 2024 | 10:50"
India forging ahead to become a semiconductor hub,https://vietnamtimes.org.vn/india-forging-ahead-to-become-a-semiconductor-hub-70255.html,"March 10, 2024 | 08:00"
Beijing Intensifies Efforts To Quell Criticism Of Country’s Economic Trajectory,https://vietnamtimes.org.vn/beijing-intensifies-efforts-to-quell-criticism-of-countrys-economic-trajectory-70191.html,"March 08, 2024 | 08:00"
"Primula Florist Expands Business Offerings, Launches Landscape Design Services",https://vietnamtimes.org.vn/primula-florist-expands-business-offerings-launches-landscape-design-services-70215.html,"March 07, 2024 | 17:40"
"Shopee’s 2024 Fashion Show, ‘Raya Stail Kita’ Celebrates Malaysia’s Golden Age of Culture",https://vietnamtimes.org.vn/shopees-2024-fashion-show-raya-stail-kita-celebrates-malaysias-golden-age-of-culture-70166.html,"March 06, 2024 | 15:20"
Strengthening Bonds: Saudi Tourism Authority Enhances Commitment to Malaysia,https://vietnamtimes.org.vn/strengthening-bonds-saudi-tourism-authority-enhances-commitment-to-malaysia-70164.html,"March 06, 2024 | 13:00"
"Afghanistan invests $35m in Iran’s Chabahar port, expanding trade routes and regional cooperation",https://vietnamtimes.org.vn/afghanistan-invests-35m-in-irans-chabahar-port-expanding-trade-routes-and-regional-cooperation-70111.html,"March 06, 2024 | 07:00"
Promoting Vietnamese Products in Swedish Market,https://vietnamtimes.org.vn/promoting-vietnamese-products-in-swedish-market-70065.html,"March 04, 2024 | 09:56"
"Branding Vietnam As ""Sustainable Seafood Destination"" for American Consumers",https://vietnamtimes.org.vn/branding-vietnam-as-sustainable-seafood-destination-for-american-consumers-70342.html,"March 14, 2024 | 16:43"
Binh Phuoc Province Seeks Investments from EU Businesses,https://vietnamtimes.org.vn/binh-phuoc-province-seeks-investments-from-eu-businesses-70390.html,"March 14, 2024 | 15:55"
"""Big Win For Persecuted Minorities"": US-Based Advocacy Group Welcomes Centre's CAA Move",https://vietnamtimes.org.vn/big-win-for-persecuted-minorities-us-based-advocacy-group-welcomes-centres-caa-move-70381.html,"March 14, 2024 | 09:00"
India’s ambitious semiconductor manufacturing plan,https://vietnamtimes.org.vn/indias-ambitious-semiconductor-manufacturing-plan-70380.html,"March 13, 2024 | 15:00"
An Epic Coca-Cola™ Culinary Collab: F. HERO & Chef Pom Serve 'Epic Night Out' in Foodmarks MV,https://vietnamtimes.org.vn/an-epic-coca-cola-culinary-collab-f-hero-amp-chef-pom-serve-epic-night-out-in-foodmarks-mv-70379-70379.html,"March 13, 2024 | 09:30"
EXODUS: Pakistanis Fleeing Amid Economic Turmoil and Political Uncertainty,https://vietnamtimes.org.vn/exodus-pakistanis-fleeing-amid-economic-turmoil-and-political-uncertainty-70314.html,"March 12, 2024 | 14:17"
Jollibee Ranks as Second Fastest-Growing Restaurant Brand in the World,https://vietnamtimes.org.vn/jollibee-ranks-as-second-fastest-growing-restaurant-brand-in-the-world-70309.html,"March 12, 2024 | 12:10"
Vietnamese Businesses Join Green Food Expo in Hong Kong (China),https://vietnamtimes.org.vn/vietnamese-businesses-join-green-food-expo-in-hong-kong-china-70294.html,"March 12, 2024 | 00:08"
A Trillion Dollar BOOM! India OKs $1.2B For Artificial Intelligence Ecosystem That Could Swell Its GDP,https://vietnamtimes.org.vn/a-trillion-dollar-boom-india-oks-12b-for-artificial-intelligence-ecosystem-that-could-swell-its-gdp-70283.html,"March 11, 2024 | 11:36"
International Textile Manufacturer Expands into Vietnam,https://vietnamtimes.org.vn/international-textile-manufacturer-expands-into-vietnam-70230.html,"March 11, 2024 | 10:54"
Vietnam’s Economy Sees Positive Signs at the Beginning of 2024,https://vietnamtimes.org.vn/vietnams-economy-sees-positive-signs-at-the-beginning-of-2024-70229.html,"March 10, 2024 | 11:37"
Binh Dinh to Create Favorable Conditions For UAE Investors,https://vietnamtimes.org.vn/binh-dinh-to-create-favorable-conditions-for-uae-investors-70249.html,"March 10, 2024 | 10:56"
Vinh Long Introduces 12 Investment Projects To Indian Businesses,https://vietnamtimes.org.vn/vinh-long-introduces-12-investment-projects-to-indian-businesses-70258.html,"March 10, 2024 | 10:50"
India forging ahead to become a semiconductor hub,https://vietnamtimes.org.vn/india-forging-ahead-to-become-a-semiconductor-hub-70255.html,"March 10, 2024 | 08:00"
Beijing Intensifies Efforts To Quell Criticism Of Country’s Economic Trajectory,https://vietnamtimes.org.vn/beijing-intensifies-efforts-to-quell-criticism-of-countrys-economic-trajectory-70191.html,"March 08, 2024 | 08:00"
"Primula Florist Expands Business Offerings, Launches Landscape Design Services",https://vietnamtimes.org.vn/primula-florist-expands-business-offerings-launches-landscape-design-services-70215.html,"March 07, 2024 | 17:40"
"Shopee’s 2024 Fashion Show, ‘Raya Stail Kita’ Celebrates Malaysia’s Golden Age of Culture",https://vietnamtimes.org.vn/shopees-2024-fashion-show-raya-stail-kita-celebrates-malaysias-golden-age-of-culture-70166.html,"March 06, 2024 | 15:20"
Strengthening Bonds: Saudi Tourism Authority Enhances Commitment to Malaysia,https://vietnamtimes.org.vn/strengthening-bonds-saudi-tourism-authority-enhances-commitment-to-malaysia-70164.html,"March 06, 2024 | 13:00"
"Afghanistan invests $35m in Iran’s Chabahar port, expanding trade routes and regional cooperation",https://vietnamtimes.org.vn/afghanistan-invests-35m-in-irans-chabahar-port-expanding-trade-routes-and-regional-cooperation-70111.html,"March 06, 2024 | 07:00"
Promoting Vietnamese Products in Swedish Market,https://vietnamtimes.org.vn/promoting-vietnamese-products-in-swedish-market-70065.html,"March 04, 2024 | 09:56"
Perspectives on Indian lines of credit to Bangladesh,https://vietnamtimes.org.vn/perspectives-on-indian-lines-of-credit-to-bangladesh-70059.html,"March 04, 2024 | 08:00"
Ample Room for Vietnam - Australia Trade and Investment Cooperation,https://vietnamtimes.org.vn/ample-room-for-vietnam-australia-trade-and-investment-cooperation-70051.html,"March 03, 2024 | 12:34"
"""A new page in history"": PM Jugnauth hails Mauritius-India Special Partnership after inauguration of projects",https://vietnamtimes.org.vn/a-new-page-in-history-pm-jugnauth-hails-mauritius-india-special-partnership-after-inauguration-of-projects-70036.html,"March 02, 2024 | 08:00"
"Inauguration of airstrip, jetty at Agalega to further advance India-Mauritius cooperation: PM Modi",https://vietnamtimes.org.vn/inauguration-of-airstrip-jetty-at-agalega-to-further-advance-india-mauritius-cooperation-pm-modi-70035.html,"March 01, 2024 | 15:58"
VinBrain and Global Fund continue joining forces to tackle Vietnam's tuberculosis challenge through AI in 2024,https://vietnamtimes.org.vn/vinbrain-and-global-fund-continue-joining-forces-to-tackle-vietnams-tuberculosis-challenge-through-ai-in-2024-69995.html,"February 29, 2024 | 08:00"
Soft Space First In The World To Deploy Live MPoC-Certified Solution,https://vietnamtimes.org.vn/soft-space-first-in-the-world-to-deploy-live-mpoc-certified-solution-69964.html,"February 28, 2024 | 01:35"
"Joining forces with the world's leading partners, Tan Hiep Phat improves recycling and green production capacity",https://vietnamtimes.org.vn/joining-forces-with-the-worlds-leading-partners-tan-hiep-phat-improves-recycling-and-green-production-capacity-69971.html,"February 27, 2024 | 22:42"
Vietnam's Largest Real Estate Developer Unveils Vision for a Global Wellbeing Destination,https://vietnamtimes.org.vn/vietnams-largest-real-estate-developer-unveils-vision-for-a-global-wellbeing-destination-69961.html,"February 27, 2024 | 20:45"
VinFuture announces the prize council for the 2024 season,https://vietnamtimes.org.vn/vinfuture-announces-the-prize-council-for-the-2024-season-69938.html,"February 26, 2024 | 23:05"
Vietnam Welcomes Nearly 200 Canadian Businesses,https://vietnamtimes.org.vn/vietnam-welcomes-nearly-200-canadian-businesses-69909.html,"February 26, 2024 | 10:42"
SATTE 2024: Da Nang Tourism Promoted to Indian Tourists,https://vietnamtimes.org.vn/satte-2024-da-nang-tourism-promoted-to-indian-tourists-69907.html,"February 24, 2024 | 16:22"
Vietnam Becomes Singapore's 10th Largest Trading Partner,https://vietnamtimes.org.vn/vietnam-becomes-singapores-10th-largest-trading-partner-69900.html,"February 24, 2024 | 15:57"
Canada Wants to Establish Robust Trade Relations with Vietnam,https://vietnamtimes.org.vn/canada-wants-to-establish-robust-trade-relations-with-vietnam-69854.html,"February 23, 2024 | 10:49"
Vietnamese Real Estate Being Sought After by Foreign Investors,https://vietnamtimes.org.vn/vietnamese-real-estate-being-sought-after-by-foreign-investors-69850.html,"February 23, 2024 | 10:36"
IMF: Vietnam to Maintain High Economic Growth Over Medium Term,https://vietnamtimes.org.vn/imf-vietnam-to-maintain-high-economic-growth-over-medium-term-69789.html,"February 22, 2024 | 11:01"
An Giang Exported First Batch of Flat-seeded Mangoes to Republic of Korea,https://vietnamtimes.org.vn/an-giang-exported-first-batch-of-flat-seeded-mangoes-to-republic-of-korea-69763.html,"February 20, 2024 | 09:55"
Vietnam Leaves A Mark at Cuban International Book Fair,https://vietnamtimes.org.vn/vietnam-leaves-a-mark-at-cuban-international-book-fair-69771.html,"February 20, 2024 | 07:28"
All Northern Border Gates Resume Customs Clearance after Tet,https://vietnamtimes.org.vn/all-northern-border-gates-resume-customs-clearance-after-tet-69761.html,"February 19, 2024 | 14:02"
Vietnamese Organic Products Garner Attention at Biofach 2024,https://vietnamtimes.org.vn/vietnamese-organic-products-garner-attention-at-biofach-2024-69759.html,"February 19, 2024 | 13:55"
VinFast Partners with Five Dealers in Indonesia,https://vietnamtimes.org.vn/vinfast-partners-with-five-dealers-in-indonesia-69703.html,"February 16, 2024 | 19:45"
Perspectives on Indian lines of credit to Bangladesh,https://vietnamtimes.org.vn/perspectives-on-indian-lines-of-credit-to-bangladesh-70059.html,"March 04, 2024 | 08:00"
Ample Room for Vietnam - Australia Trade and Investment Cooperation,https://vietnamtimes.org.vn/ample-room-for-vietnam-australia-trade-and-investment-cooperation-70051.html,"March 03, 2024 | 12:34"
"""A new page in history"": PM Jugnauth hails Mauritius-India Special Partnership after inauguration of projects",https://vietnamtimes.org.vn/a-new-page-in-history-pm-jugnauth-hails-mauritius-india-special-partnership-after-inauguration-of-projects-70036.html,"March 02, 2024 | 08:00"
"Inauguration of airstrip, jetty at Agalega to further advance India-Mauritius cooperation: PM Modi",https://vietnamtimes.org.vn/inauguration-of-airstrip-jetty-at-agalega-to-further-advance-india-mauritius-cooperation-pm-modi-70035.html,"March 01, 2024 | 15:58"
VinBrain and Global Fund continue joining forces to tackle Vietnam's tuberculosis challenge through AI in 2024,https://vietnamtimes.org.vn/vinbrain-and-global-fund-continue-joining-forces-to-tackle-vietnams-tuberculosis-challenge-through-ai-in-2024-69995.html,"February 29, 2024 | 08:00"
Soft Space First In The World To Deploy Live MPoC-Certified Solution,https://vietnamtimes.org.vn/soft-space-first-in-the-world-to-deploy-live-mpoc-certified-solution-69964.html,"February 28, 2024 | 01:35"
"Joining forces with the world's leading partners, Tan Hiep Phat improves recycling and green production capacity",https://vietnamtimes.org.vn/joining-forces-with-the-worlds-leading-partners-tan-hiep-phat-improves-recycling-and-green-production-capacity-69971.html,"February 27, 2024 | 22:42"
Vietnam's Largest Real Estate Developer Unveils Vision for a Global Wellbeing Destination,https://vietnamtimes.org.vn/vietnams-largest-real-estate-developer-unveils-vision-for-a-global-wellbeing-destination-69961.html,"February 27, 2024 | 20:45"
VinFuture announces the prize council for the 2024 season,https://vietnamtimes.org.vn/vinfuture-announces-the-prize-council-for-the-2024-season-69938.html,"February 26, 2024 | 23:05"
Vietnam Welcomes Nearly 200 Canadian Businesses,https://vietnamtimes.org.vn/vietnam-welcomes-nearly-200-canadian-businesses-69909.html,"February 26, 2024 | 10:42"
SATTE 2024: Da Nang Tourism Promoted to Indian Tourists,https://vietnamtimes.org.vn/satte-2024-da-nang-tourism-promoted-to-indian-tourists-69907.html,"February 24, 2024 | 16:22"
Vietnam Becomes Singapore's 10th Largest Trading Partner,https://vietnamtimes.org.vn/vietnam-becomes-singapores-10th-largest-trading-partner-69900.html,"February 24, 2024 | 15:57"
Canada Wants to Establish Robust Trade Relations with Vietnam,https://vietnamtimes.org.vn/canada-wants-to-establish-robust-trade-relations-with-vietnam-69854.html,"February 23, 2024 | 10:49"
Vietnamese Real Estate Being Sought After by Foreign Investors,https://vietnamtimes.org.vn/vietnamese-real-estate-being-sought-after-by-foreign-investors-69850.html,"February 23, 2024 | 10:36"
IMF: Vietnam to Maintain High Economic Growth Over Medium Term,https://vietnamtimes.org.vn/imf-vietnam-to-maintain-high-economic-growth-over-medium-term-69789.html,"February 22, 2024 | 11:01"
An Giang Exported First Batch of Flat-seeded Mangoes to Republic of Korea,https://vietnamtimes.org.vn/an-giang-exported-first-batch-of-flat-seeded-mangoes-to-republic-of-korea-69763.html,"February 20, 2024 | 09:55"
Vietnam Leaves A Mark at Cuban International Book Fair,https://vietnamtimes.org.vn/vietnam-leaves-a-mark-at-cuban-international-book-fair-69771.html,"February 20, 2024 | 07:28"
All Northern Border Gates Resume Customs Clearance after Tet,https://vietnamtimes.org.vn/all-northern-border-gates-resume-customs-clearance-after-tet-69761.html,"February 19, 2024 | 14:02"
Vietnamese Organic Products Garner Attention at Biofach 2024,https://vietnamtimes.org.vn/vietnamese-organic-products-garner-attention-at-biofach-2024-69759.html,"February 19, 2024 | 13:55"
VinFast Partners with Five Dealers in Indonesia,https://vietnamtimes.org.vn/vinfast-partners-with-five-dealers-in-indonesia-69703.html,"February 16, 2024 | 19:45"
Maldives’ Turmoil: Muizzu’s Leadership Challenges,https://vietnamtimes.org.vn/maldives-turmoil-muizzus-leadership-challenges-69686.html,"February 16, 2024 | 08:00"
VinFast Introduces Range of Right-Hand Drive Electric Vehicles,https://vietnamtimes.org.vn/vinfast-introduces-range-of-right-hand-drive-electric-vehicles-69689.html,"February 15, 2024 | 19:45"
India-Bangladesh Friendship: A Beacon of Solidarity and Cooperation,https://vietnamtimes.org.vn/india-bangladesh-friendship-a-beacon-of-solidarity-and-cooperation-69665.html,"February 15, 2024 | 09:00"
Influence of social networks on financial markets - Octa overview,https://vietnamtimes.org.vn/influence-of-social-networks-on-financial-markets-octa-overview-69650.html,"February 14, 2024 | 10:30"
Vietnam's Seafood exports to South Korean Market Increased by 51% after 10 Years,https://vietnamtimes.org.vn/vietnams-seafood-exports-to-south-korean-market-increased-by-51-after-10-years-69645.html,"February 13, 2024 | 11:04"
Economic Diplomacy Visionary Binds Overseas Businessmen and their Homeland,https://vietnamtimes.org.vn/economic-diplomacy-visionary-binds-overseas-businessmen-and-their-homeland-69610.html,"February 12, 2024 | 20:24"
"Maldives at ""high risk"" of external, overall debt distress, says IMF",https://vietnamtimes.org.vn/maldives-at-high-risk-of-external-overall-debt-distress-says-imf-69615.html,"February 12, 2024 | 09:00"
Vietnam Maintains its Position as South Korea's Third Largest Trading Partner,https://vietnamtimes.org.vn/vietnam-maintains-its-position-as-south-koreas-third-largest-trading-partner-69616.html,"February 11, 2024 | 23:26"
India expected to grow faster at 6.2% in FY25: OECD,https://vietnamtimes.org.vn/india-expected-to-grow-faster-at-62-in-fy25-oecd-69567.html,"February 10, 2024 | 08:00"
"3,000 ITE students to be equipped with workplace skills and competencies",https://vietnamtimes.org.vn/3000-ite-students-to-be-equipped-with-workplace-skills-and-competencies-69596.html,"February 09, 2024 | 12:30"
The multi-sectoral development program of the Union Ministry of Minority Affairs is changing the destiny of Muslims,https://vietnamtimes.org.vn/the-multi-sectoral-development-program-of-the-union-ministry-of-minority-affairs-is-changing-the-destiny-of-muslims-69566.html,"February 09, 2024 | 09:00"
Bringing Vietnamese Goods into Kuwait's Market,https://vietnamtimes.org.vn/bringing-vietnamese-goods-into-kuwaits-market-69547.html,"February 07, 2024 | 22:15"
VinFast to participate in Indonesia International Motor Show 2024 and officially launch in Indonesia,https://vietnamtimes.org.vn/vinfast-to-participate-in-indonesia-international-motor-show-2024-and-officially-launch-in-indonesia-69559.html,"February 07, 2024 | 19:00"
"XTransfer Actively Supports ""Singapore Valley Awards"" Student Internship Program",https://vietnamtimes.org.vn/xtransfer-actively-supports-singapore-valley-awards-student-internship-program-69555.html,"February 07, 2024 | 17:15"
Level Up Workdays: JustCo and Razer Team Up for Enhanced Coworking Experience,https://vietnamtimes.org.vn/level-up-workdays-justco-and-razer-team-up-for-enhanced-coworking-experience-69544.html,"February 07, 2024 | 12:00"
World Economic Forum: Vietnam Aims To Become Europe’s Leading Technology Partner,https://vietnamtimes.org.vn/world-economic-forum-vietnam-aims-to-become-europes-leading-technology-partner-69538.html,"February 07, 2024 | 11:55"
Vietnam - RoK's Third-largest Trade Partner for Second Straight Year in 2023,https://vietnamtimes.org.vn/vietnam-roks-third-largest-trade-partner-for-second-straight-year-in-2023-69527.html,"February 07, 2024 | 09:45"
A Visionary Stride for Women-led Development in India’s 2024 Budget,https://vietnamtimes.org.vn/a-visionary-stride-for-women-led-development-in-indias-2024-budget-69516.html,"February 07, 2024 | 08:00"
VinFast to Attend the 2024 Canadian International Auto Show,https://vietnamtimes.org.vn/vinfast-to-attend-the-2024-canadian-international-auto-show-69533.html,"February 06, 2024 | 20:00"
UPI in France: Unified Payments Interface Formally Launched at Eiffel Tower in Paris,https://vietnamtimes.org.vn/upi-in-france-unified-payments-interface-formally-launched-at-eiffel-tower-in-paris-69479.html,"February 05, 2024 | 09:26"
Maldives’ Turmoil: Muizzu’s Leadership Challenges,https://vietnamtimes.org.vn/maldives-turmoil-muizzus-leadership-challenges-69686.html,"February 16, 2024 | 08:00"
VinFast Introduces Range of Right-Hand Drive Electric Vehicles,https://vietnamtimes.org.vn/vinfast-introduces-range-of-right-hand-drive-electric-vehicles-69689.html,"February 15, 2024 | 19:45"
India-Bangladesh Friendship: A Beacon of Solidarity and Cooperation,https://vietnamtimes.org.vn/india-bangladesh-friendship-a-beacon-of-solidarity-and-cooperation-69665.html,"February 15, 2024 | 09:00"
Influence of social networks on financial markets - Octa overview,https://vietnamtimes.org.vn/influence-of-social-networks-on-financial-markets-octa-overview-69650.html,"February 14, 2024 | 10:30"
Vietnam's Seafood exports to South Korean Market Increased by 51% after 10 Years,https://vietnamtimes.org.vn/vietnams-seafood-exports-to-south-korean-market-increased-by-51-after-10-years-69645.html,"February 13, 2024 | 11:04"
Economic Diplomacy Visionary Binds Overseas Businessmen and their Homeland,https://vietnamtimes.org.vn/economic-diplomacy-visionary-binds-overseas-businessmen-and-their-homeland-69610.html,"February 12, 2024 | 20:24"
"Maldives at ""high risk"" of external, overall debt distress, says IMF",https://vietnamtimes.org.vn/maldives-at-high-risk-of-external-overall-debt-distress-says-imf-69615.html,"February 12, 2024 | 09:00"
Vietnam Maintains its Position as South Korea's Third Largest Trading Partner,https://vietnamtimes.org.vn/vietnam-maintains-its-position-as-south-koreas-third-largest-trading-partner-69616.html,"February 11, 2024 | 23:26"
India expected to grow faster at 6.2% in FY25: OECD,https://vietnamtimes.org.vn/india-expected-to-grow-faster-at-62-in-fy25-oecd-69567.html,"February 10, 2024 | 08:00"
"3,000 ITE students to be equipped with workplace skills and competencies",https://vietnamtimes.org.vn/3000-ite-students-to-be-equipped-with-workplace-skills-and-competencies-69596.html,"February 09, 2024 | 12:30"
The multi-sectoral development program of the Union Ministry of Minority Affairs is changing the destiny of Muslims,https://vietnamtimes.org.vn/the-multi-sectoral-development-program-of-the-union-ministry-of-minority-affairs-is-changing-the-destiny-of-muslims-69566.html,"February 09, 2024 | 09:00"
Bringing Vietnamese Goods into Kuwait's Market,https://vietnamtimes.org.vn/bringing-vietnamese-goods-into-kuwaits-market-69547.html,"February 07, 2024 | 22:15"
VinFast to participate in Indonesia International Motor Show 2024 and officially launch in Indonesia,https://vietnamtimes.org.vn/vinfast-to-participate-in-indonesia-international-motor-show-2024-and-officially-launch-in-indonesia-69559.html,"February 07, 2024 | 19:00"
"XTransfer Actively Supports ""Singapore Valley Awards"" Student Internship Program",https://vietnamtimes.org.vn/xtransfer-actively-supports-singapore-valley-awards-student-internship-program-69555.html,"February 07, 2024 | 17:15"
Level Up Workdays: JustCo and Razer Team Up for Enhanced Coworking Experience,https://vietnamtimes.org.vn/level-up-workdays-justco-and-razer-team-up-for-enhanced-coworking-experience-69544.html,"February 07, 2024 | 12:00"
World Economic Forum: Vietnam Aims To Become Europe’s Leading Technology Partner,https://vietnamtimes.org.vn/world-economic-forum-vietnam-aims-to-become-europes-leading-technology-partner-69538.html,"February 07, 2024 | 11:55"
Vietnam - RoK's Third-largest Trade Partner for Second Straight Year in 2023,https://vietnamtimes.org.vn/vietnam-roks-third-largest-trade-partner-for-second-straight-year-in-2023-69527.html,"February 07, 2024 | 09:45"
A Visionary Stride for Women-led Development in India’s 2024 Budget,https://vietnamtimes.org.vn/a-visionary-stride-for-women-led-development-in-indias-2024-budget-69516.html,"February 07, 2024 | 08:00"
VinFast to Attend the 2024 Canadian International Auto Show,https://vietnamtimes.org.vn/vinfast-to-attend-the-2024-canadian-international-auto-show-69533.html,"February 06, 2024 | 20:00"
UPI in France: Unified Payments Interface Formally Launched at Eiffel Tower in Paris,https://vietnamtimes.org.vn/upi-in-france-unified-payments-interface-formally-launched-at-eiffel-tower-in-paris-69479.html,"February 05, 2024 | 09:26"
"Vietnam, Iran's Mashhad Province Boast Economic, Trade Ties",https://vietnamtimes.org.vn/vietnam-irans-mashhad-province-boast-economic-trade-ties-69468.html,"February 04, 2024 | 11:18"
Artificial intelligence enhances India’s growth horizons,https://vietnamtimes.org.vn/artificial-intelligence-enhances-indias-growth-horizons-69463.html,"February 04, 2024 | 08:00"
Pakistani and Iranian Crew Thank Indian Navy for Saving Them from Somali Pirates,https://vietnamtimes.org.vn/pakistani-and-iranian-crew-thank-indian-navy-for-saving-them-from-somali-pirates-69427.html,"February 03, 2024 | 08:00"
Four Budget-Friendly Finds on Shopee Live To Transform Your Home this Chinese New Year,https://vietnamtimes.org.vn/four-budget-friendly-finds-on-shopee-live-to-transform-your-home-this-chinese-new-year-69456.html,"February 02, 2024 | 16:00"
Japanese centennial business impressed with groundbreaking and creative approach of a Vietnamese beverage corporation,https://vietnamtimes.org.vn/japanese-centennial-business-impressed-with-groundbreaking-and-creative-approach-of-a-vietnamese-beverage-corporation-69445.html,"February 02, 2024 | 10:54"
Now Open: BRIX KLIA by Pinetree – A New Era of Artistic Co-Living in Malaysia,https://vietnamtimes.org.vn/now-open-brix-klia-by-pinetree-a-new-era-of-artistic-co-living-in-malaysia-69437-69437.html,"January 31, 2024 | 18:15"
"Camm Solutions Partners with MemoriesForArt for 3D Printed, Eco-Friendly Astronaut Buddha",https://vietnamtimes.org.vn/camm-solutions-partners-with-memoriesforart-for-3d-printed-eco-friendly-astronaut-buddha-69438.html,"January 31, 2024 | 16:30"
Shopee Influencers Champion Human-Centric E-commerce in 2024,https://vietnamtimes.org.vn/shopee-influencers-champion-human-centric-e-commerce-in-2024-69388.html,"January 31, 2024 | 15:45"
Picasso Hair Studio Expands Global Reach with the Launch of Its Online Hair Academy,https://vietnamtimes.org.vn/picasso-hair-studio-expands-global-reach-with-the-launch-of-its-online-hair-academy-69371.html,"January 31, 2024 | 11:50"
56 Vietnamese Businesses Participate in The World's Largest Int'l Consumer-Goods Fair,https://vietnamtimes.org.vn/56-vietnamese-businesses-participate-in-the-worlds-largest-intl-consumer-goods-fair-69340.html,"January 30, 2024 | 15:13"
Asia House Annual Lookout 2024: Vietnam Leads Trade Growth In Asia,https://vietnamtimes.org.vn/asia-house-annual-lookout-2024-vietnam-leads-trade-growth-in-asia-69342.html,"January 30, 2024 | 14:59"
Asia House: Vietnam's Economy Will Achieve Outstanding Achievements in 2024,https://vietnamtimes.org.vn/asia-house-vietnams-economy-will-achieve-outstanding-achievements-in-2024-69346.html,"January 30, 2024 | 13:44"
President of the Philippines Holds a Meeting with Vingroup Chairman in Hanoi,https://vietnamtimes.org.vn/president-of-the-philippines-holds-a-meeting-with-vingroup-chairman-in-hanoi-69349.html,"January 30, 2024 | 11:20"
Opportunity to Promote Vietnam's Image to ASEAN,https://vietnamtimes.org.vn/opportunity-to-promote-vietnams-image-to-asean-69507.html,"January 29, 2024 | 14:16"
Vietnam's Top 10 Localities for Foreign Investment,https://vietnamtimes.org.vn/vietnams-top-10-localities-for-foreign-investment-69282.html,"January 28, 2024 | 12:31"
"Synergy, Pioneering Spirit Raise Vietnamese businesses' Position in International Arena",https://vietnamtimes.org.vn/synergy-pioneering-spirit-raise-vietnamese-businesses-position-in-international-arena-69281.html,"January 28, 2024 | 11:59"
Vietnam Facilitates Trade with Cambodia,https://vietnamtimes.org.vn/vietnam-facilitates-trade-with-cambodia-69292.html,"January 27, 2024 | 12:27"
Da Nang City Steps up Wedding Tourism,https://vietnamtimes.org.vn/da-nang-city-steps-up-wedding-tourism-69245.html,"January 26, 2024 | 23:13"
Enter the Metaverse and Experience an Amazing New Tokyo - The Virtual Edo-Tokyo Project,https://vietnamtimes.org.vn/enter-the-metaverse-and-experience-an-amazing-new-tokyo-the-virtual-edo-tokyo-project-69285.html,"January 26, 2024 | 10:00"
First Factory of A Vietnamese Enterprise Inaugurated in Egypt,https://vietnamtimes.org.vn/first-factory-of-a-vietnamese-enterprise-inaugurated-in-egypt-69248.html,"January 25, 2024 | 21:59"
"Vietnam, Iran's Mashhad Province Boast Economic, Trade Ties",https://vietnamtimes.org.vn/vietnam-irans-mashhad-province-boast-economic-trade-ties-69468.html,"February 04, 2024 | 11:18"
Artificial intelligence enhances India’s growth horizons,https://vietnamtimes.org.vn/artificial-intelligence-enhances-indias-growth-horizons-69463.html,"February 04, 2024 | 08:00"
Pakistani and Iranian Crew Thank Indian Navy for Saving Them from Somali Pirates,https://vietnamtimes.org.vn/pakistani-and-iranian-crew-thank-indian-navy-for-saving-them-from-somali-pirates-69427.html,"February 03, 2024 | 08:00"
Four Budget-Friendly Finds on Shopee Live To Transform Your Home this Chinese New Year,https://vietnamtimes.org.vn/four-budget-friendly-finds-on-shopee-live-to-transform-your-home-this-chinese-new-year-69456.html,"February 02, 2024 | 16:00"
Japanese centennial business impressed with groundbreaking and creative approach of a Vietnamese beverage corporation,https://vietnamtimes.org.vn/japanese-centennial-business-impressed-with-groundbreaking-and-creative-approach-of-a-vietnamese-beverage-corporation-69445.html,"February 02, 2024 | 10:54"
Now Open: BRIX KLIA by Pinetree – A New Era of Artistic Co-Living in Malaysia,https://vietnamtimes.org.vn/now-open-brix-klia-by-pinetree-a-new-era-of-artistic-co-living-in-malaysia-69437-69437.html,"January 31, 2024 | 18:15"
"Camm Solutions Partners with MemoriesForArt for 3D Printed, Eco-Friendly Astronaut Buddha",https://vietnamtimes.org.vn/camm-solutions-partners-with-memoriesforart-for-3d-printed-eco-friendly-astronaut-buddha-69438.html,"January 31, 2024 | 16:30"
Shopee Influencers Champion Human-Centric E-commerce in 2024,https://vietnamtimes.org.vn/shopee-influencers-champion-human-centric-e-commerce-in-2024-69388.html,"January 31, 2024 | 15:45"
Picasso Hair Studio Expands Global Reach with the Launch of Its Online Hair Academy,https://vietnamtimes.org.vn/picasso-hair-studio-expands-global-reach-with-the-launch-of-its-online-hair-academy-69371.html,"January 31, 2024 | 11:50"
56 Vietnamese Businesses Participate in The World's Largest Int'l Consumer-Goods Fair,https://vietnamtimes.org.vn/56-vietnamese-businesses-participate-in-the-worlds-largest-intl-consumer-goods-fair-69340.html,"January 30, 2024 | 15:13"
Asia House Annual Lookout 2024: Vietnam Leads Trade Growth In Asia,https://vietnamtimes.org.vn/asia-house-annual-lookout-2024-vietnam-leads-trade-growth-in-asia-69342.html,"January 30, 2024 | 14:59"
Asia House: Vietnam's Economy Will Achieve Outstanding Achievements in 2024,https://vietnamtimes.org.vn/asia-house-vietnams-economy-will-achieve-outstanding-achievements-in-2024-69346.html,"January 30, 2024 | 13:44"
President of the Philippines Holds a Meeting with Vingroup Chairman in Hanoi,https://vietnamtimes.org.vn/president-of-the-philippines-holds-a-meeting-with-vingroup-chairman-in-hanoi-69349.html,"January 30, 2024 | 11:20"
Opportunity to Promote Vietnam's Image to ASEAN,https://vietnamtimes.org.vn/opportunity-to-promote-vietnams-image-to-asean-69507.html,"January 29, 2024 | 14:16"
Vietnam's Top 10 Localities for Foreign Investment,https://vietnamtimes.org.vn/vietnams-top-10-localities-for-foreign-investment-69282.html,"January 28, 2024 | 12:31"
"Synergy, Pioneering Spirit Raise Vietnamese businesses' Position in International Arena",https://vietnamtimes.org.vn/synergy-pioneering-spirit-raise-vietnamese-businesses-position-in-international-arena-69281.html,"January 28, 2024 | 11:59"
Vietnam Facilitates Trade with Cambodia,https://vietnamtimes.org.vn/vietnam-facilitates-trade-with-cambodia-69292.html,"January 27, 2024 | 12:27"
Da Nang City Steps up Wedding Tourism,https://vietnamtimes.org.vn/da-nang-city-steps-up-wedding-tourism-69245.html,"January 26, 2024 | 23:13"
Enter the Metaverse and Experience an Amazing New Tokyo - The Virtual Edo-Tokyo Project,https://vietnamtimes.org.vn/enter-the-metaverse-and-experience-an-amazing-new-tokyo-the-virtual-edo-tokyo-project-69285.html,"January 26, 2024 | 10:00"
First Factory of A Vietnamese Enterprise Inaugurated in Egypt,https://vietnamtimes.org.vn/first-factory-of-a-vietnamese-enterprise-inaugurated-in-egypt-69248.html,"January 25, 2024 | 21:59"
"Vietnam, Switzerland Cooperate in Training AI, Semiconductor Chip Human Resources",https://vietnamtimes.org.vn/vietnam-switzerland-cooperate-in-training-ai-semiconductor-chip-human-resources-69147.html,"January 25, 2024 | 16:50"
USA: The Largest Importer of Vietnamese Goods in 2023,https://vietnamtimes.org.vn/usa-the-largest-importer-of-vietnamese-goods-in-2023-69266.html,"January 25, 2024 | 16:06"
GDP Advance Estimates Beat Expectations,https://vietnamtimes.org.vn/gdp-advance-estimates-beat-expectations-69215.html,"January 24, 2024 | 16:00"
Philips Evnia Gaming Monitors Earn Prestigious Wins at the 2023 iF Design and Red Dot Awards,https://vietnamtimes.org.vn/philips-evnia-gaming-monitors-earn-prestigious-wins-at-the-2023-if-design-and-red-dot-awards-69202-69202.html,"January 23, 2024 | 11:30"
Republic Day 2024: French contingents participate in rehearsals at Vijay Chowk,https://vietnamtimes.org.vn/republic-day-2024-french-contingents-participate-in-rehearsals-at-vijay-chowk-69160.html,"January 22, 2024 | 08:00"
Large Foreign Corporations's Investment Expansion Plans in Vietnam,https://vietnamtimes.org.vn/large-foreign-corporationss-investment-expansion-plans-in-vietnam-69113.html,"January 19, 2024 | 14:46"
HipVan Offers Chinese New Year Promotion and Absorbs GST Hike,https://vietnamtimes.org.vn/hipvan-offers-chinese-new-year-promotion-and-absorbs-gst-hike-69134.html,"January 19, 2024 | 12:30"
Vietnam Police Arrest Over Hundreds of Suspects in Loan Shark Ring Allegedly Run by Chinese,https://vietnamtimes.org.vn/vietnam-police-arrest-over-hundreds-of-suspects-in-loan-shark-ring-allegedly-run-by-chinese-69125.html,"January 19, 2024 | 07:00"
Couples Concerned by Debt as Hiking Social Security: Experts Advise Swift Withdrawal,https://vietnamtimes.org.vn/couples-concerned-by-debt-as-hiking-social-security-experts-advise-swift-withdrawal-69110.html,"January 18, 2024 | 07:00"
Cooperation Opportunities for Vietnamese-Swiss Businesses in Green Transformation,https://vietnamtimes.org.vn/cooperation-opportunities-for-vietnamese-swiss-businesses-in-green-transformation-69064.html,"January 17, 2024 | 09:52"
'Crossed $200 bn in trade': USISPF President points to strong India-US ties,https://vietnamtimes.org.vn/crossed-200-bn-in-trade-usispf-president-points-to-strong-india-us-ties-69078.html,"January 17, 2024 | 08:00"
TUMI Opens New Store at the Iconic Saigon Central Post Office,https://vietnamtimes.org.vn/tumi-opens-new-store-at-the-iconic-saigon-central-post-office-69053.html,"January 16, 2024 | 11:00"
Japanese Enjoy Chicken Meat Products Made From Vietnam,https://vietnamtimes.org.vn/japanese-enjoy-chicken-meat-products-made-from-vietnam-69033.html,"January 16, 2024 | 09:41"
"Bodh Gaya Marathon creates ‘remarkable’ blend of spirituality, physical endurance",https://vietnamtimes.org.vn/bodh-gaya-marathon-creates-remarkable-blend-of-spirituality-physical-endurance-69029.html,"January 15, 2024 | 16:34"
"Cruise Ships To Bring Over 80,000 Foreign Tourists to Quang Ninh This 2024",https://vietnamtimes.org.vn/cruise-ships-to-bring-over-80000-foreign-tourists-to-quang-ninh-this-2024-69004.html,"January 14, 2024 | 10:06"
Indonesian President visits VinFast manufacturing complex,https://vietnamtimes.org.vn/indonesian-president-visits-vinfast-manufacturing-complex-69001.html,"January 13, 2024 | 19:00"
EuroCham: European Business Confidence in Vietnam on the Rise,https://vietnamtimes.org.vn/eurocham-european-business-confidence-in-vietnam-on-the-rise-68935.html,"January 13, 2024 | 14:22"
"Vietnam Enhances Tourism Cooperation with The UK, India",https://vietnamtimes.org.vn/vietnam-enhances-tourism-cooperation-with-the-uk-india-68990.html,"January 13, 2024 | 13:37"
Philippines turns to hackers for help as US warns of China cyberthreat,https://vietnamtimes.org.vn/philippines-turns-to-hackers-for-help-as-us-warns-of-china-cyberthreat-68954.html,"January 13, 2024 | 07:00"
Uncover Fortune Finds in Singapore Early This Lunar New Year with iShopChangi's Deals,https://vietnamtimes.org.vn/uncover-fortune-finds-in-singapore-early-this-lunar-new-year-with-ishopchangis-deals-68985.html,"January 12, 2024 | 16:20"
"Vietnam, Switzerland Cooperate in Training AI, Semiconductor Chip Human Resources",https://vietnamtimes.org.vn/vietnam-switzerland-cooperate-in-training-ai-semiconductor-chip-human-resources-69147.html,"January 25, 2024 | 16:50"
USA: The Largest Importer of Vietnamese Goods in 2023,https://vietnamtimes.org.vn/usa-the-largest-importer-of-vietnamese-goods-in-2023-69266.html,"January 25, 2024 | 16:06"
GDP Advance Estimates Beat Expectations,https://vietnamtimes.org.vn/gdp-advance-estimates-beat-expectations-69215.html,"January 24, 2024 | 16:00"
Philips Evnia Gaming Monitors Earn Prestigious Wins at the 2023 iF Design and Red Dot Awards,https://vietnamtimes.org.vn/philips-evnia-gaming-monitors-earn-prestigious-wins-at-the-2023-if-design-and-red-dot-awards-69202-69202.html,"January 23, 2024 | 11:30"
Republic Day 2024: French contingents participate in rehearsals at Vijay Chowk,https://vietnamtimes.org.vn/republic-day-2024-french-contingents-participate-in-rehearsals-at-vijay-chowk-69160.html,"January 22, 2024 | 08:00"
Large Foreign Corporations's Investment Expansion Plans in Vietnam,https://vietnamtimes.org.vn/large-foreign-corporationss-investment-expansion-plans-in-vietnam-69113.html,"January 19, 2024 | 14:46"
HipVan Offers Chinese New Year Promotion and Absorbs GST Hike,https://vietnamtimes.org.vn/hipvan-offers-chinese-new-year-promotion-and-absorbs-gst-hike-69134.html,"January 19, 2024 | 12:30"
Vietnam Police Arrest Over Hundreds of Suspects in Loan Shark Ring Allegedly Run by Chinese,https://vietnamtimes.org.vn/vietnam-police-arrest-over-hundreds-of-suspects-in-loan-shark-ring-allegedly-run-by-chinese-69125.html,"January 19, 2024 | 07:00"
Couples Concerned by Debt as Hiking Social Security: Experts Advise Swift Withdrawal,https://vietnamtimes.org.vn/couples-concerned-by-debt-as-hiking-social-security-experts-advise-swift-withdrawal-69110.html,"January 18, 2024 | 07:00"
Cooperation Opportunities for Vietnamese-Swiss Businesses in Green Transformation,https://vietnamtimes.org.vn/cooperation-opportunities-for-vietnamese-swiss-businesses-in-green-transformation-69064.html,"January 17, 2024 | 09:52"
'Crossed $200 bn in trade': USISPF President points to strong India-US ties,https://vietnamtimes.org.vn/crossed-200-bn-in-trade-usispf-president-points-to-strong-india-us-ties-69078.html,"January 17, 2024 | 08:00"
TUMI Opens New Store at the Iconic Saigon Central Post Office,https://vietnamtimes.org.vn/tumi-opens-new-store-at-the-iconic-saigon-central-post-office-69053.html,"January 16, 2024 | 11:00"
Japanese Enjoy Chicken Meat Products Made From Vietnam,https://vietnamtimes.org.vn/japanese-enjoy-chicken-meat-products-made-from-vietnam-69033.html,"January 16, 2024 | 09:41"
"Bodh Gaya Marathon creates ‘remarkable’ blend of spirituality, physical endurance",https://vietnamtimes.org.vn/bodh-gaya-marathon-creates-remarkable-blend-of-spirituality-physical-endurance-69029.html,"January 15, 2024 | 16:34"
"Cruise Ships To Bring Over 80,000 Foreign Tourists to Quang Ninh This 2024",https://vietnamtimes.org.vn/cruise-ships-to-bring-over-80000-foreign-tourists-to-quang-ninh-this-2024-69004.html,"January 14, 2024 | 10:06"
Indonesian President visits VinFast manufacturing complex,https://vietnamtimes.org.vn/indonesian-president-visits-vinfast-manufacturing-complex-69001.html,"January 13, 2024 | 19:00"
EuroCham: European Business Confidence in Vietnam on the Rise,https://vietnamtimes.org.vn/eurocham-european-business-confidence-in-vietnam-on-the-rise-68935.html,"January 13, 2024 | 14:22"
"Vietnam Enhances Tourism Cooperation with The UK, India",https://vietnamtimes.org.vn/vietnam-enhances-tourism-cooperation-with-the-uk-india-68990.html,"January 13, 2024 | 13:37"
Philippines turns to hackers for help as US warns of China cyberthreat,https://vietnamtimes.org.vn/philippines-turns-to-hackers-for-help-as-us-warns-of-china-cyberthreat-68954.html,"January 13, 2024 | 07:00"
Uncover Fortune Finds in Singapore Early This Lunar New Year with iShopChangi's Deals,https://vietnamtimes.org.vn/uncover-fortune-finds-in-singapore-early-this-lunar-new-year-with-ishopchangis-deals-68985.html,"January 12, 2024 | 16:20"
